priority,slug,title,category,content_status,governance_state,evidence_complete_v2,evidence_score_percent,promotion_ready,next_review_due,missing_requirements
P0,declare-and-coordinate-a-major-incident,Declare and coordinate a major incident,Service Desk & ITSM,under_review,under_review,false,22,false,,"diagnostic_tested|remediation_tested|rollback_or_irreversibility_confirmed|escalation_confirmed|time_validated|expected_result_confirmed|owner_signoff|authoritative_source_provenance|last_tested|minimum_peer_reviewers|minimum_sme_reviewers|minimum_test_records|minimum_distinct_environments|negative_path_tested"
P0,recover-a-corrupted-office-document,Recover a corrupted Office document,"Data Protection, Backup & Recovery",under_review,under_review,false,22,false,,"diagnostic_tested|remediation_tested|rollback_or_irreversibility_confirmed|escalation_confirmed|time_validated|expected_result_confirmed|owner_signoff|authoritative_source_provenance|last_tested|minimum_peer_reviewers|minimum_sme_reviewers|minimum_test_records|minimum_distinct_environments|negative_path_tested"
P0,repair-a-corrupted-outlook-data-cache,Repair a corrupted Outlook data cache,Microsoft 365 & Collaboration,under_review,under_review,false,22,false,,"diagnostic_tested|remediation_tested|rollback_or_irreversibility_confirmed|escalation_confirmed|time_validated|expected_result_confirmed|owner_signoff|authoritative_source_provenance|last_tested|minimum_peer_reviewers|minimum_sme_reviewers|minimum_test_records|minimum_distinct_environments|negative_path_tested"
P0,bsod-0x0000007b,Resolve BSOD stop error 0x0000007B,Windows Endpoints,verified,revalidation_required,false,17,false,,"diagnostic_tested|remediation_tested|rollback_or_irreversibility_confirmed|escalation_confirmed|time_validated|expected_result_confirmed|owner_signoff|authoritative_source_provenance|tested_platforms|last_tested|minimum_peer_reviewers|minimum_sme_reviewers|minimum_test_records|minimum_distinct_environments|negative_path_tested"
P0,respond-to-a-lost-or-stolen-computer,Respond to a lost or stolen computer,Security & Compliance,under_review,under_review,false,22,false,,"diagnostic_tested|remediation_tested|rollback_or_irreversibility_confirmed|escalation_confirmed|time_validated|expected_result_confirmed|owner_signoff|authoritative_source_provenance|last_tested|minimum_peer_reviewers|minimum_sme_reviewers|minimum_test_records|minimum_distinct_environments|negative_path_tested"
P0,respond-to-a-lost-or-stolen-mobile-device,Respond to a lost or stolen mobile device,Mobile Devices & MDM,under_review,under_review,false,22,false,,"diagnostic_tested|remediation_tested|rollback_or_irreversibility_confirmed|escalation_confirmed|time_validated|expected_result_confirmed|owner_signoff|authoritative_source_provenance|last_tested|minimum_peer_reviewers|minimum_sme_reviewers|minimum_test_records|minimum_distinct_environments|negative_path_tested"
P0,respond-to-a-ransomware-alert,Respond to a ransomware alert,Security & Compliance,under_review,under_review,false,22,false,,"diagnostic_tested|remediation_tested|rollback_or_irreversibility_confirmed|escalation_confirmed|time_validated|expected_result_confirmed|owner_signoff|authoritative_source_provenance|last_tested|minimum_peer_reviewers|minimum_sme_reviewers|minimum_test_records|minimum_distinct_environments|negative_path_tested"
P0,respond-to-a-suspected-compromised-account,Respond to a suspected compromised account,Identity & Access Management,under_review,under_review,false,22,false,,"diagnostic_tested|remediation_tested|rollback_or_irreversibility_confirmed|escalation_confirmed|time_validated|expected_result_confirmed|owner_signoff|authoritative_source_provenance|last_tested|minimum_peer_reviewers|minimum_sme_reviewers|minimum_test_records|minimum_distinct_environments|negative_path_tested"
P0,respond-to-suspected-data-leakage,Respond to suspected data leakage,Security & Compliance,under_review,under_review,false,22,false,,"diagnostic_tested|remediation_tested|rollback_or_irreversibility_confirmed|escalation_confirmed|time_validated|expected_result_confirmed|owner_signoff|authoritative_source_provenance|last_tested|minimum_peer_reviewers|minimum_sme_reviewers|minimum_test_records|minimum_distinct_environments|negative_path_tested"
P0,triage-a-cloud-service-outage,Triage a cloud service outage,Cloud & Virtualisation,under_review,under_review,false,22,false,,"diagnostic_tested|remediation_tested|rollback_or_irreversibility_confirmed|escalation_confirmed|time_validated|expected_result_confirmed|owner_signoff|authoritative_source_provenance|last_tested|minimum_peer_reviewers|minimum_sme_reviewers|minimum_test_records|minimum_distinct_environments|negative_path_tested"
P0,triage-a-site-internet-outage,Triage a site internet outage,Network & Connectivity,under_review,under_review,false,22,false,,"diagnostic_tested|remediation_tested|rollback_or_irreversibility_confirmed|escalation_confirmed|time_validated|expected_result_confirmed|owner_signoff|authoritative_source_provenance|last_tested|minimum_peer_reviewers|minimum_sme_reviewers|minimum_test_records|minimum_distinct_environments|negative_path_tested"
P0,triage-a-site-wide-lan-outage,Triage a site-wide LAN outage,Network & Connectivity,under_review,under_review,false,22,false,,"diagnostic_tested|remediation_tested|rollback_or_irreversibility_confirmed|escalation_confirmed|time_validated|expected_result_confirmed|owner_signoff|authoritative_source_provenance|last_tested|minimum_peer_reviewers|minimum_sme_reviewers|minimum_test_records|minimum_distinct_environments|negative_path_tested"
P0,triage-a-windows-server-that-is-unreachable,Triage a Windows Server that is unreachable,Servers & Core Infrastructure,under_review,under_review,false,22,false,,"diagnostic_tested|remediation_tested|rollback_or_irreversibility_confirmed|escalation_confirmed|time_validated|expected_result_confirmed|owner_signoff|authoritative_source_provenance|last_tested|minimum_peer_reviewers|minimum_sme_reviewers|minimum_test_records|minimum_distinct_environments|negative_path_tested"
P0,triage-a-wireless-access-point-outage,Triage a wireless access point outage,Network & Connectivity,under_review,under_review,false,22,false,,"diagnostic_tested|remediation_tested|rollback_or_irreversibility_confirmed|escalation_confirmed|time_validated|expected_result_confirmed|owner_signoff|authoritative_source_provenance|last_tested|minimum_peer_reviewers|minimum_sme_reviewers|minimum_test_records|minimum_distinct_environments|negative_path_tested"
P0,triage-an-office-or-site-wide-outage,Triage an office or site-wide outage,Service Desk & ITSM,under_review,under_review,false,22,false,,"diagnostic_tested|remediation_tested|rollback_or_irreversibility_confirmed|escalation_confirmed|time_validated|expected_result_confirmed|owner_signoff|authoritative_source_provenance|last_tested|minimum_peer_reviewers|minimum_sme_reviewers|minimum_test_records|minimum_distinct_environments|negative_path_tested"
P0,troubleshoot-a-print-server-outage,Troubleshoot a print server outage,Printing & Scanning,under_review,under_review,false,22,false,,"diagnostic_tested|remediation_tested|rollback_or_irreversibility_confirmed|escalation_confirmed|time_validated|expected_result_confirmed|owner_signoff|authoritative_source_provenance|last_tested|minimum_peer_reviewers|minimum_sme_reviewers|minimum_test_records|minimum_distinct_environments|negative_path_tested"
P0,troubleshoot-windows-no-boot-or-boot-loop,Troubleshoot Windows no-boot or boot loop,Windows Endpoints,under_review,under_review,false,22,false,,"diagnostic_tested|remediation_tested|rollback_or_irreversibility_confirmed|escalation_confirmed|time_validated|expected_result_confirmed|owner_signoff|authoritative_source_provenance|last_tested|minimum_peer_reviewers|minimum_sme_reviewers|minimum_test_records|minimum_distinct_environments|negative_path_tested"
P1,add-or-remove-security-group-membership,Add or remove security group membership,Identity & Access Management,under_review,under_review,false,22,false,,"diagnostic_tested|remediation_tested|rollback_or_irreversibility_confirmed|escalation_confirmed|time_validated|expected_result_confirmed|owner_signoff|authoritative_source_provenance|last_tested|minimum_peer_reviewers|minimum_sme_reviewers|minimum_test_records|minimum_distinct_environments|negative_path_tested"
P1,clear-a-stuck-windows-print-queue,Clear a stuck Windows print queue,Printing & Scanning,under_review,under_review,false,22,false,,"diagnostic_tested|remediation_tested|rollback_or_irreversibility_confirmed|escalation_confirmed|time_validated|expected_result_confirmed|owner_signoff|authoritative_source_provenance|last_tested|minimum_peer_reviewers|minimum_sme_reviewers|minimum_test_records|minimum_distinct_environments|negative_path_tested"
P1,clear-and-rebuild-the-teams-cache,Clear and rebuild the Teams cache,Microsoft 365 & Collaboration,under_review,under_review,false,22,false,,"diagnostic_tested|remediation_tested|rollback_or_irreversibility_confirmed|escalation_confirmed|time_validated|expected_result_confirmed|owner_signoff|authoritative_source_provenance|last_tested|minimum_peer_reviewers|minimum_sme_reviewers|minimum_test_records|minimum_distinct_environments|negative_path_tested"
P1,collect-linux-logs-for-escalation,Collect Linux logs for escalation,Linux & Developer Workstations,under_review,under_review,false,22,false,,"diagnostic_tested|remediation_tested|rollback_or_irreversibility_confirmed|escalation_confirmed|time_validated|expected_result_confirmed|owner_signoff|authoritative_source_provenance|last_tested|minimum_peer_reviewers|minimum_sme_reviewers|minimum_test_records|minimum_distinct_environments|negative_path_tested"
P1,collect-security-incident-evidence,Collect security incident evidence,Security & Compliance,under_review,under_review,false,22,false,,"diagnostic_tested|remediation_tested|rollback_or_irreversibility_confirmed|escalation_confirmed|time_validated|expected_result_confirmed|owner_signoff|authoritative_source_provenance|last_tested|minimum_peer_reviewers|minimum_sme_reviewers|minimum_test_records|minimum_distinct_environments|negative_path_tested"
P1,configure-corporate-email-on-android,Configure corporate email on Android,Mobile Devices & MDM,under_review,under_review,false,22,false,,"diagnostic_tested|remediation_tested|rollback_or_irreversibility_confirmed|escalation_confirmed|time_validated|expected_result_confirmed|owner_signoff|authoritative_source_provenance|last_tested|minimum_peer_reviewers|minimum_sme_reviewers|minimum_test_records|minimum_distinct_environments|negative_path_tested"
P1,configure-corporate-email-on-ios,Configure corporate email on iOS,Mobile Devices & MDM,under_review,under_review,false,22,false,,"diagnostic_tested|remediation_tested|rollback_or_irreversibility_confirmed|escalation_confirmed|time_validated|expected_result_confirmed|owner_signoff|authoritative_source_provenance|last_tested|minimum_peer_reviewers|minimum_sme_reviewers|minimum_test_records|minimum_distinct_environments|negative_path_tested"
P1,correct-a-broken-file-association,Correct a broken file association,Windows Endpoints,under_review,under_review,false,22,false,,"diagnostic_tested|remediation_tested|rollback_or_irreversibility_confirmed|escalation_confirmed|time_validated|expected_result_confirmed|owner_signoff|authoritative_source_provenance|last_tested|minimum_peer_reviewers|minimum_sme_reviewers|minimum_test_records|minimum_distinct_environments|negative_path_tested"
P1,deprovision-a-departing-user-account,Deprovision a departing user account,Identity & Access Management,under_review,under_review,false,22,false,,"diagnostic_tested|remediation_tested|rollback_or_irreversibility_confirmed|escalation_confirmed|time_validated|expected_result_confirmed|owner_signoff|authoritative_source_provenance|last_tested|minimum_peer_reviewers|minimum_sme_reviewers|minimum_test_records|minimum_distinct_environments|negative_path_tested"
P1,document-a-ticket-to-enterprise-standard,Document a ticket to enterprise standard,Service Desk & ITSM,under_review,under_review,false,22,false,,"diagnostic_tested|remediation_tested|rollback_or_irreversibility_confirmed|escalation_confirmed|time_validated|expected_result_confirmed|owner_signoff|authoritative_source_provenance|last_tested|minimum_peer_reviewers|minimum_sme_reviewers|minimum_test_records|minimum_distinct_environments|negative_path_tested"
P1,escalate-a-legal-hold-or-retention-request,Escalate a legal-hold or retention request,"Data Protection, Backup & Recovery",under_review,under_review,false,22,false,,"diagnostic_tested|remediation_tested|rollback_or_irreversibility_confirmed|escalation_confirmed|time_validated|expected_result_confirmed|owner_signoff|authoritative_source_provenance|last_tested|minimum_peer_reviewers|minimum_sme_reviewers|minimum_test_records|minimum_distinct_environments|negative_path_tested"
P1,grant-shared-mailbox-access,Grant shared mailbox access,Identity & Access Management,under_review,under_review,false,22,false,,"diagnostic_tested|remediation_tested|rollback_or_irreversibility_confirmed|escalation_confirmed|time_validated|expected_result_confirmed|owner_signoff|authoritative_source_provenance|last_tested|minimum_peer_reviewers|minimum_sme_reviewers|minimum_test_records|minimum_distinct_environments|negative_path_tested"
P1,handle-a-sensitive-data-misdelivery,Handle a sensitive-data misdelivery,Security & Compliance,under_review,under_review,false,22,false,,"diagnostic_tested|remediation_tested|rollback_or_irreversibility_confirmed|escalation_confirmed|time_validated|expected_result_confirmed|owner_signoff|authoritative_source_provenance|last_tested|minimum_peer_reviewers|minimum_sme_reviewers|minimum_test_records|minimum_distinct_environments|negative_path_tested"
P1,install-or-renew-a-mobile-certificate,Install or renew a mobile certificate,Mobile Devices & MDM,under_review,under_review,false,22,false,,"diagnostic_tested|remediation_tested|rollback_or_irreversibility_confirmed|escalation_confirmed|time_validated|expected_result_confirmed|owner_signoff|authoritative_source_provenance|last_tested|minimum_peer_reviewers|minimum_sme_reviewers|minimum_test_records|minimum_distinct_environments|negative_path_tested"
P1,install-or-update-a-printer-driver,Install or update a printer driver,Printing & Scanning,under_review,under_review,false,22,false,,"diagnostic_tested|remediation_tested|rollback_or_irreversibility_confirmed|escalation_confirmed|time_validated|expected_result_confirmed|owner_signoff|authoritative_source_provenance|last_tested|minimum_peer_reviewers|minimum_sme_reviewers|minimum_test_records|minimum_distinct_environments|negative_path_tested"
P1,investigate-an-antivirus-or-edr-alert,Investigate an antivirus or EDR alert,Security & Compliance,under_review,under_review,false,22,false,,"diagnostic_tested|remediation_tested|rollback_or_irreversibility_confirmed|escalation_confirmed|time_validated|expected_result_confirmed|owner_signoff|authoritative_source_provenance|last_tested|minimum_peer_reviewers|minimum_sme_reviewers|minimum_test_records|minimum_distinct_environments|negative_path_tested"
P1,investigate-repeated-account-lockouts,Investigate repeated account lockouts,Identity & Access Management,under_review,under_review,false,22,false,,"diagnostic_tested|remediation_tested|rollback_or_irreversibility_confirmed|escalation_confirmed|time_validated|expected_result_confirmed|owner_signoff|authoritative_source_provenance|last_tested|minimum_peer_reviewers|minimum_sme_reviewers|minimum_test_records|minimum_distinct_environments|negative_path_tested"
P1,migrate-a-user-profile,Migrate a user profile,"Data Protection, Backup & Recovery",under_review,under_review,false,22,false,,"diagnostic_tested|remediation_tested|rollback_or_irreversibility_confirmed|escalation_confirmed|time_validated|expected_result_confirmed|owner_signoff|authoritative_source_provenance|last_tested|minimum_peer_reviewers|minimum_sme_reviewers|minimum_test_records|minimum_distinct_environments|negative_path_tested"
P1,perform-an-approved-remote-wipe,Perform an approved remote wipe,Mobile Devices & MDM,under_review,under_review,false,22,false,,"diagnostic_tested|remediation_tested|rollback_or_irreversibility_confirmed|escalation_confirmed|time_validated|expected_result_confirmed|owner_signoff|authoritative_source_provenance|last_tested|minimum_peer_reviewers|minimum_sme_reviewers|minimum_test_records|minimum_distinct_environments|negative_path_tested"
P1,provision-a-device-with-windows-autopilot,Provision a device with Windows Autopilot,Windows Endpoints,under_review,under_review,false,22,false,,"diagnostic_tested|remediation_tested|rollback_or_irreversibility_confirmed|escalation_confirmed|time_validated|expected_result_confirmed|owner_signoff|authoritative_source_provenance|last_tested|minimum_peer_reviewers|minimum_sme_reviewers|minimum_test_records|minimum_distinct_environments|negative_path_tested"
P1,provision-a-new-user-account,Provision a new user account,Identity & Access Management,under_review,under_review,false,22,false,,"diagnostic_tested|remediation_tested|rollback_or_irreversibility_confirmed|escalation_confirmed|time_validated|expected_result_confirmed|owner_signoff|authoritative_source_provenance|last_tested|minimum_peer_reviewers|minimum_sme_reviewers|minimum_test_records|minimum_distinct_environments|negative_path_tested"
P1,provision-external-guest-access,Provision external guest access,Identity & Access Management,under_review,under_review,false,22,false,,"diagnostic_tested|remediation_tested|rollback_or_irreversibility_confirmed|escalation_confirmed|time_validated|expected_result_confirmed|owner_signoff|authoritative_source_provenance|last_tested|minimum_peer_reviewers|minimum_sme_reviewers|minimum_test_records|minimum_distinct_environments|negative_path_tested"
P1,provision-or-change-a-phone-extension,Provision or change a phone extension,"Voice, Telephony & Meeting Rooms",under_review,under_review,false,22,false,,"diagnostic_tested|remediation_tested|rollback_or_irreversibility_confirmed|escalation_confirmed|time_validated|expected_result_confirmed|owner_signoff|authoritative_source_provenance|last_tested|minimum_peer_reviewers|minimum_sme_reviewers|minimum_test_records|minimum_distinct_environments|negative_path_tested"
P1,recover-a-deleted-email,Recover a deleted email,Microsoft 365 & Collaboration,under_review,under_review,false,22,false,,"diagnostic_tested|remediation_tested|rollback_or_irreversibility_confirmed|escalation_confirmed|time_validated|expected_result_confirmed|owner_signoff|authoritative_source_provenance|last_tested|minimum_peer_reviewers|minimum_sme_reviewers|minimum_test_records|minimum_distinct_environments|negative_path_tested"
P1,recover-a-device-requesting-a-bitlocker-recovery-key,Recover a device requesting a BitLocker recovery key,Windows Endpoints,under_review,under_review,false,22,false,,"diagnostic_tested|remediation_tested|rollback_or_irreversibility_confirmed|escalation_confirmed|time_validated|expected_result_confirmed|owner_signoff|authoritative_source_provenance|last_tested|minimum_peer_reviewers|minimum_sme_reviewers|minimum_test_records|minimum_distinct_environments|negative_path_tested"
P1,recover-a-mac-requesting-a-filevault-recovery-key,Recover a Mac requesting a FileVault recovery key,macOS Endpoints,under_review,under_review,false,22,false,,"diagnostic_tested|remediation_tested|rollback_or_irreversibility_confirmed|escalation_confirmed|time_validated|expected_result_confirmed|owner_signoff|authoritative_source_provenance|last_tested|minimum_peer_reviewers|minimum_sme_reviewers|minimum_test_records|minimum_distinct_environments|negative_path_tested"
P1,recover-access-after-a-lost-security-key,Recover access after a lost security key,Identity & Access Management,under_review,under_review,false,22,false,,"diagnostic_tested|remediation_tested|rollback_or_irreversibility_confirmed|escalation_confirmed|time_validated|expected_result_confirmed|owner_signoff|authoritative_source_provenance|last_tested|minimum_peer_reviewers|minimum_sme_reviewers|minimum_test_records|minimum_distinct_environments|negative_path_tested"
P1,recover-an-outlook-pst-file,Recover an Outlook PST file,"Data Protection, Backup & Recovery",under_review,under_review,false,22,false,,"diagnostic_tested|remediation_tested|rollback_or_irreversibility_confirmed|escalation_confirmed|time_validated|expected_result_confirmed|owner_signoff|authoritative_source_provenance|last_tested|minimum_peer_reviewers|minimum_sme_reviewers|minimum_test_records|minimum_distinct_environments|negative_path_tested"
P1,recover-data-from-a-failing-drive-safely,Recover data from a failing drive safely,"Data Protection, Backup & Recovery",under_review,under_review,false,22,false,,"diagnostic_tested|remediation_tested|rollback_or_irreversibility_confirmed|escalation_confirmed|time_validated|expected_result_confirmed|owner_signoff|authoritative_source_provenance|last_tested|minimum_peer_reviewers|minimum_sme_reviewers|minimum_test_records|minimum_distinct_environments|negative_path_tested"
P1,release-a-legitimate-email-from-quarantine,Release a legitimate email from quarantine,Microsoft 365 & Collaboration,under_review,under_review,false,22,false,,"diagnostic_tested|remediation_tested|rollback_or_irreversibility_confirmed|escalation_confirmed|time_validated|expected_result_confirmed|owner_signoff|authoritative_source_provenance|last_tested|minimum_peer_reviewers|minimum_sme_reviewers|minimum_test_records|minimum_distinct_environments|negative_path_tested"
P1,remove-an-unauthorised-browser-extension,Remove an unauthorised browser extension,Security & Compliance,under_review,under_review,false,22,false,,"diagnostic_tested|remediation_tested|rollback_or_irreversibility_confirmed|escalation_confirmed|time_validated|expected_result_confirmed|owner_signoff|authoritative_source_provenance|last_tested|minimum_peer_reviewers|minimum_sme_reviewers|minimum_test_records|minimum_distinct_environments|negative_path_tested"
P1,remove-and-reinstall-a-printer-cleanly,Remove and reinstall a printer cleanly,Printing & Scanning,under_review,under_review,false,22,false,,"diagnostic_tested|remediation_tested|rollback_or_irreversibility_confirmed|escalation_confirmed|time_validated|expected_result_confirmed|owner_signoff|authoritative_source_provenance|last_tested|minimum_peer_reviewers|minimum_sme_reviewers|minimum_test_records|minimum_distinct_environments|negative_path_tested"
P1,repair-a-corrupted-windows-user-profile,Repair a corrupted Windows user profile,Windows Endpoints,under_review,under_review,false,22,false,,"diagnostic_tested|remediation_tested|rollback_or_irreversibility_confirmed|escalation_confirmed|time_validated|expected_result_confirmed|owner_signoff|authoritative_source_provenance|last_tested|minimum_peer_reviewers|minimum_sme_reviewers|minimum_test_records|minimum_distinct_environments|negative_path_tested"
P1,repair-a-macos-keychain-issue,Repair a macOS Keychain issue,macOS Endpoints,under_review,under_review,false,22,false,,"diagnostic_tested|remediation_tested|rollback_or_irreversibility_confirmed|escalation_confirmed|time_validated|expected_result_confirmed|owner_signoff|authoritative_source_provenance|last_tested|minimum_peer_reviewers|minimum_sme_reviewers|minimum_test_records|minimum_distinct_environments|negative_path_tested"
P1,repair-an-outlook-profile,Repair an Outlook profile,Microsoft 365 & Collaboration,under_review,under_review,false,22,false,,"diagnostic_tested|remediation_tested|rollback_or_irreversibility_confirmed|escalation_confirmed|time_validated|expected_result_confirmed|owner_signoff|authoritative_source_provenance|last_tested|minimum_peer_reviewers|minimum_sme_reviewers|minimum_test_records|minimum_distinct_environments|negative_path_tested"
P1,replace-a-failed-corporate-device,Replace a failed corporate device,Hardware & Peripherals,under_review,under_review,false,22,false,,"diagnostic_tested|remediation_tested|rollback_or_irreversibility_confirmed|escalation_confirmed|time_validated|expected_result_confirmed|owner_signoff|authoritative_source_provenance|last_tested|minimum_peer_reviewers|minimum_sme_reviewers|minimum_test_records|minimum_distinct_environments|negative_path_tested"
P1,report-and-contain-a-phishing-email,Report and contain a phishing email,Microsoft 365 & Collaboration,under_review,under_review,false,22,false,,"diagnostic_tested|remediation_tested|rollback_or_irreversibility_confirmed|escalation_confirmed|time_validated|expected_result_confirmed|owner_signoff|authoritative_source_provenance|last_tested|minimum_peer_reviewers|minimum_sme_reviewers|minimum_test_records|minimum_distinct_environments|negative_path_tested"
P1,resolve-a-conditional-access-block,Resolve a Conditional Access block,Identity & Access Management,under_review,under_review,false,22,false,,"diagnostic_tested|remediation_tested|rollback_or_irreversibility_confirmed|escalation_confirmed|time_validated|expected_result_confirmed|owner_signoff|authoritative_source_provenance|last_tested|minimum_peer_reviewers|minimum_sme_reviewers|minimum_test_records|minimum_distinct_environments|negative_path_tested"
P1,resolve-a-domain-trust-relationship-failure,Resolve a domain trust relationship failure,Identity & Access Management,under_review,under_review,false,22,false,,"diagnostic_tested|remediation_tested|rollback_or_irreversibility_confirmed|escalation_confirmed|time_validated|expected_result_confirmed|owner_signoff|authoritative_source_provenance|last_tested|minimum_peer_reviewers|minimum_sme_reviewers|minimum_test_records|minimum_distinct_environments|negative_path_tested"
P1,resolve-a-duplicate-ip-address,Resolve a duplicate IP address,Network & Connectivity,under_review,under_review,false,22,false,,"diagnostic_tested|remediation_tested|rollback_or_irreversibility_confirmed|escalation_confirmed|time_validated|expected_result_confirmed|owner_signoff|authoritative_source_provenance|last_tested|minimum_peer_reviewers|minimum_sme_reviewers|minimum_test_records|minimum_distinct_environments|negative_path_tested"
P1,password-reset,"Resolve a locked, forgotten or expired user password",Identity & Access Management,verified,revalidation_required,false,17,false,,"diagnostic_tested|remediation_tested|rollback_or_irreversibility_confirmed|escalation_confirmed|time_validated|expected_result_confirmed|owner_signoff|authoritative_source_provenance|tested_platforms|last_tested|minimum_peer_reviewers|minimum_sme_reviewers|minimum_test_records|minimum_distinct_environments|negative_path_tested"
P1,mapped-drive-missing,Resolve a missing or disconnected mapped drive,File Services,verified,revalidation_required,false,17,false,,"diagnostic_tested|remediation_tested|rollback_or_irreversibility_confirmed|escalation_confirmed|time_validated|expected_result_confirmed|owner_signoff|authoritative_source_provenance|tested_platforms|last_tested|minimum_peer_reviewers|minimum_sme_reviewers|minimum_test_records|minimum_distinct_environments|negative_path_tested"
P1,resolve-a-network-access-control-block,Resolve a Network Access Control block,Network & Connectivity,under_review,under_review,false,22,false,,"diagnostic_tested|remediation_tested|rollback_or_irreversibility_confirmed|escalation_confirmed|time_validated|expected_result_confirmed|owner_signoff|authoritative_source_provenance|last_tested|minimum_peer_reviewers|minimum_sme_reviewers|minimum_test_records|minimum_distinct_environments|negative_path_tested"
P1,resolve-a-onedrive-sign-in-loop,Resolve a OneDrive sign-in loop,Microsoft 365 & Collaboration,under_review,under_review,false,22,false,,"diagnostic_tested|remediation_tested|rollback_or_irreversibility_confirmed|escalation_confirmed|time_validated|expected_result_confirmed|owner_signoff|authoritative_source_provenance|last_tested|minimum_peer_reviewers|minimum_sme_reviewers|minimum_test_records|minimum_distinct_environments|negative_path_tested"
P1,resolve-a-patch-compliance-failure,Resolve a patch compliance failure,Windows Endpoints,under_review,under_review,false,22,false,,"diagnostic_tested|remediation_tested|rollback_or_irreversibility_confirmed|escalation_confirmed|time_validated|expected_result_confirmed|owner_signoff|authoritative_source_provenance|last_tested|minimum_peer_reviewers|minimum_sme_reviewers|minimum_test_records|minimum_distinct_environments|negative_path_tested"
P1,resolve-a-temporary-windows-profile,Resolve a temporary Windows profile,Windows Endpoints,under_review,under_review,false,22,false,,"diagnostic_tested|remediation_tested|rollback_or_irreversibility_confirmed|escalation_confirmed|time_validated|expected_result_confirmed|owner_signoff|authoritative_source_provenance|last_tested|minimum_peer_reviewers|minimum_sme_reviewers|minimum_test_records|minimum_distinct_environments|negative_path_tested"
P1,resolve-a-windows-service-that-will-not-start,Resolve a Windows service that will not start,Windows Endpoints,under_review,under_review,false,22,false,,"diagnostic_tested|remediation_tested|rollback_or_irreversibility_confirmed|escalation_confirmed|time_validated|expected_result_confirmed|owner_signoff|authoritative_source_provenance|last_tested|minimum_peer_reviewers|minimum_sme_reviewers|minimum_test_records|minimum_distinct_environments|negative_path_tested"
P1,resolve-an-antivirus-false-positive,Resolve an antivirus false positive,Security & Compliance,under_review,under_review,false,22,false,,"diagnostic_tested|remediation_tested|rollback_or_irreversibility_confirmed|escalation_confirmed|time_validated|expected_result_confirmed|owner_signoff|authoritative_source_provenance|last_tested|minimum_peer_reviewers|minimum_sme_reviewers|minimum_test_records|minimum_distinct_environments|negative_path_tested"
P1,resolve-an-apipa-address,Resolve an APIPA address,Network & Connectivity,under_review,under_review,false,22,false,,"diagnostic_tested|remediation_tested|rollback_or_irreversibility_confirmed|escalation_confirmed|time_validated|expected_result_confirmed|owner_signoff|authoritative_source_provenance|last_tested|minimum_peer_reviewers|minimum_sme_reviewers|minimum_test_records|minimum_distinct_environments|negative_path_tested"
P1,resolve-an-application-role-assignment-failure,Resolve an application role assignment failure,Identity & Access Management,under_review,under_review,false,22,false,,"diagnostic_tested|remediation_tested|rollback_or_irreversibility_confirmed|escalation_confirmed|time_validated|expected_result_confirmed|owner_signoff|authoritative_source_provenance|last_tested|minimum_peer_reviewers|minimum_sme_reviewers|minimum_test_records|minimum_distinct_environments|negative_path_tested"
P1,resolve-an-exhausted-dhcp-scope,Resolve an exhausted DHCP scope,Servers & Core Infrastructure,under_review,under_review,false,22,false,,"diagnostic_tested|remediation_tested|rollback_or_irreversibility_confirmed|escalation_confirmed|time_validated|expected_result_confirmed|owner_signoff|authoritative_source_provenance|last_tested|minimum_peer_reviewers|minimum_sme_reviewers|minimum_test_records|minimum_distinct_environments|negative_path_tested"
P1,resolve-an-expired-user-certificate,Resolve an expired user certificate,Identity & Access Management,under_review,under_review,false,22,false,,"diagnostic_tested|remediation_tested|rollback_or_irreversibility_confirmed|escalation_confirmed|time_validated|expected_result_confirmed|owner_signoff|authoritative_source_provenance|last_tested|minimum_peer_reviewers|minimum_sme_reviewers|minimum_test_records|minimum_distinct_environments|negative_path_tested"
P1,resolve-an-intune-compliance-failure,Resolve an Intune compliance failure,Windows Endpoints,under_review,under_review,false,22,false,,"diagnostic_tested|remediation_tested|rollback_or_irreversibility_confirmed|escalation_confirmed|time_validated|expected_result_confirmed|owner_signoff|authoritative_source_provenance|last_tested|minimum_peer_reviewers|minimum_sme_reviewers|minimum_test_records|minimum_distinct_environments|negative_path_tested"
P1,resolve-blocked-office-macros-safely,Resolve blocked Office macros safely,Microsoft 365 & Collaboration,under_review,under_review,false,22,false,,"diagnostic_tested|remediation_tested|rollback_or_irreversibility_confirmed|escalation_confirmed|time_validated|expected_result_confirmed|owner_signoff|authoritative_source_provenance|last_tested|minimum_peer_reviewers|minimum_sme_reviewers|minimum_test_records|minimum_distinct_environments|negative_path_tested"
P1,resolve-low-disk-space-on-a-server,Resolve low disk space on a server,Servers & Core Infrastructure,under_review,under_review,false,22,false,,"diagnostic_tested|remediation_tested|rollback_or_irreversibility_confirmed|escalation_confirmed|time_validated|expected_result_confirmed|owner_signoff|authoritative_source_provenance|last_tested|minimum_peer_reviewers|minimum_sme_reviewers|minimum_test_records|minimum_distinct_environments|negative_path_tested"
P1,resolve-low-disk-space-on-linux,Resolve low disk space on Linux,Linux & Developer Workstations,under_review,under_review,false,22,false,,"diagnostic_tested|remediation_tested|rollback_or_irreversibility_confirmed|escalation_confirmed|time_validated|expected_result_confirmed|owner_signoff|authoritative_source_provenance|last_tested|minimum_peer_reviewers|minimum_sme_reviewers|minimum_test_records|minimum_distinct_environments|negative_path_tested"
P1,resolve-low-disk-space-on-windows,Resolve low disk space on Windows,Windows Endpoints,under_review,under_review,false,22,false,,"diagnostic_tested|remediation_tested|rollback_or_irreversibility_confirmed|escalation_confirmed|time_validated|expected_result_confirmed|owner_signoff|authoritative_source_provenance|last_tested|minimum_peer_reviewers|minimum_sme_reviewers|minimum_test_records|minimum_distinct_environments|negative_path_tested"
P1,resolve-macos-application-permission-prompts,Resolve macOS application permission prompts,macOS Endpoints,under_review,under_review,false,22,false,,"diagnostic_tested|remediation_tested|rollback_or_irreversibility_confirmed|escalation_confirmed|time_validated|expected_result_confirmed|owner_signoff|authoritative_source_provenance|last_tested|minimum_peer_reviewers|minimum_sme_reviewers|minimum_test_records|minimum_distinct_environments|negative_path_tested"
P1,resolve-macos-mdm-compliance-failure,Resolve macOS MDM compliance failure,macOS Endpoints,under_review,under_review,false,22,false,,"diagnostic_tested|remediation_tested|rollback_or_irreversibility_confirmed|escalation_confirmed|time_validated|expected_result_confirmed|owner_signoff|authoritative_source_provenance|last_tested|minimum_peer_reviewers|minimum_sme_reviewers|minimum_test_records|minimum_distinct_environments|negative_path_tested"
P1,mfa-setup-fails,Resolve MFA setup or approval failure,Identity & Access Management,verified,revalidation_required,false,17,false,,"diagnostic_tested|remediation_tested|rollback_or_irreversibility_confirmed|escalation_confirmed|time_validated|expected_result_confirmed|owner_signoff|authoritative_source_provenance|tested_platforms|last_tested|minimum_peer_reviewers|minimum_sme_reviewers|minimum_test_records|minimum_distinct_environments|negative_path_tested"
P1,resolve-mobile-device-compliance-failure,Resolve mobile-device compliance failure,Mobile Devices & MDM,under_review,under_review,false,22,false,,"diagnostic_tested|remediation_tested|rollback_or_irreversibility_confirmed|escalation_confirmed|time_validated|expected_result_confirmed|owner_signoff|authoritative_source_provenance|last_tested|minimum_peer_reviewers|minimum_sme_reviewers|minimum_test_records|minimum_distinct_environments|negative_path_tested"
P1,vpn-not-connecting,Resolve VPN connection failure,Network & Connectivity,verified,revalidation_required,false,17,false,,"diagnostic_tested|remediation_tested|rollback_or_irreversibility_confirmed|escalation_confirmed|time_validated|expected_result_confirmed|owner_signoff|authoritative_source_provenance|tested_platforms|last_tested|minimum_peer_reviewers|minimum_sme_reviewers|minimum_test_records|minimum_distinct_environments|negative_path_tested"
P1,respond-to-a-malicious-or-unknown-usb-device,Respond to a malicious or unknown USB device,Security & Compliance,under_review,under_review,false,22,false,,"diagnostic_tested|remediation_tested|rollback_or_irreversibility_confirmed|escalation_confirmed|time_validated|expected_result_confirmed|owner_signoff|authoritative_source_provenance|last_tested|minimum_peer_reviewers|minimum_sme_reviewers|minimum_test_records|minimum_distinct_environments|negative_path_tested"
P1,respond-to-a-suspected-malware-infection,Respond to a suspected malware infection,Security & Compliance,under_review,under_review,false,22,false,,"diagnostic_tested|remediation_tested|rollback_or_irreversibility_confirmed|escalation_confirmed|time_validated|expected_result_confirmed|owner_signoff|authoritative_source_provenance|last_tested|minimum_peer_reviewers|minimum_sme_reviewers|minimum_test_records|minimum_distinct_environments|negative_path_tested"
P1,respond-to-a-suspected-phishing-message,Respond to a suspected phishing message,Security & Compliance,under_review,under_review,false,22,false,,"diagnostic_tested|remediation_tested|rollback_or_irreversibility_confirmed|escalation_confirmed|time_validated|expected_result_confirmed|owner_signoff|authoritative_source_provenance|last_tested|minimum_peer_reviewers|minimum_sme_reviewers|minimum_test_records|minimum_distinct_environments|negative_path_tested"
P1,respond-to-an-expiring-tls-certificate,Respond to an expiring TLS certificate,Servers & Core Infrastructure,under_review,under_review,false,22,false,,"diagnostic_tested|remediation_tested|rollback_or_irreversibility_confirmed|escalation_confirmed|time_validated|expected_result_confirmed|owner_signoff|authoritative_source_provenance|last_tested|minimum_peer_reviewers|minimum_sme_reviewers|minimum_test_records|minimum_distinct_environments|negative_path_tested"
P1,respond-to-suspicious-account-activity,Respond to suspicious account activity,Security & Compliance,under_review,under_review,false,22,false,,"diagnostic_tested|remediation_tested|rollback_or_irreversibility_confirmed|escalation_confirmed|time_validated|expected_result_confirmed|owner_signoff|authoritative_source_provenance|last_tested|minimum_peer_reviewers|minimum_sme_reviewers|minimum_test_records|minimum_distinct_environments|negative_path_tested"
P1,respond-to-unauthorised-software,Respond to unauthorised software,Security & Compliance,under_review,under_review,false,22,false,,"diagnostic_tested|remediation_tested|rollback_or_irreversibility_confirmed|escalation_confirmed|time_validated|expected_result_confirmed|owner_signoff|authoritative_source_provenance|last_tested|minimum_peer_reviewers|minimum_sme_reviewers|minimum_test_records|minimum_distinct_environments|negative_path_tested"
P1,restore-a-deleted-mailbox-item,Restore a deleted mailbox item,"Data Protection, Backup & Recovery",under_review,under_review,false,22,false,,"diagnostic_tested|remediation_tested|rollback_or_irreversibility_confirmed|escalation_confirmed|time_validated|expected_result_confirmed|owner_signoff|authoritative_source_provenance|last_tested|minimum_peer_reviewers|minimum_sme_reviewers|minimum_test_records|minimum_distinct_environments|negative_path_tested"
P1,restore-a-file-from-enterprise-backup,Restore a file from enterprise backup,"Data Protection, Backup & Recovery",under_review,under_review,false,22,false,,"diagnostic_tested|remediation_tested|rollback_or_irreversibility_confirmed|escalation_confirmed|time_validated|expected_result_confirmed|owner_signoff|authoritative_source_provenance|last_tested|minimum_peer_reviewers|minimum_sme_reviewers|minimum_test_records|minimum_distinct_environments|negative_path_tested"
P1,restore-a-google-drive-file-version,Restore a Google Drive file version,Google Workspace & Web Collaboration,under_review,under_review,false,22,false,,"diagnostic_tested|remediation_tested|rollback_or_irreversibility_confirmed|escalation_confirmed|time_validated|expected_result_confirmed|owner_signoff|authoritative_source_provenance|last_tested|minimum_peer_reviewers|minimum_sme_reviewers|minimum_test_records|minimum_distinct_environments|negative_path_tested"
P1,restore-a-onedrive-or-sharepoint-version,Restore a OneDrive or SharePoint version,"Data Protection, Backup & Recovery",under_review,under_review,false,22,false,,"diagnostic_tested|remediation_tested|rollback_or_irreversibility_confirmed|escalation_confirmed|time_validated|expected_result_confirmed|owner_signoff|authoritative_source_provenance|last_tested|minimum_peer_reviewers|minimum_sme_reviewers|minimum_test_records|minimum_distinct_environments|negative_path_tested"
P1,restore-a-sharepoint-file-version,Restore a SharePoint file version,Microsoft 365 & Collaboration,under_review,under_review,false,22,false,,"diagnostic_tested|remediation_tested|rollback_or_irreversibility_confirmed|escalation_confirmed|time_validated|expected_result_confirmed|owner_signoff|authoritative_source_provenance|last_tested|minimum_peer_reviewers|minimum_sme_reviewers|minimum_test_records|minimum_distinct_environments|negative_path_tested"
P1,restore-access-to-a-departmental-share,Restore access to a departmental share,Servers & Core Infrastructure,under_review,under_review,false,22,false,,"diagnostic_tested|remediation_tested|rollback_or_irreversibility_confirmed|escalation_confirmed|time_validated|expected_result_confirmed|owner_signoff|authoritative_source_provenance|last_tested|minimum_peer_reviewers|minimum_sme_reviewers|minimum_test_records|minimum_distinct_environments|negative_path_tested"
P1,restore-an-earlier-onedrive-file-version,Restore an earlier OneDrive file version,Microsoft 365 & Collaboration,under_review,under_review,false,22,false,,"diagnostic_tested|remediation_tested|rollback_or_irreversibility_confirmed|escalation_confirmed|time_validated|expected_result_confirmed|owner_signoff|authoritative_source_provenance|last_tested|minimum_peer_reviewers|minimum_sme_reviewers|minimum_test_records|minimum_distinct_environments|negative_path_tested"
P1,review-privileged-access-activation-failure,Review privileged access activation failure,Identity & Access Management,under_review,under_review,false,22,false,,"diagnostic_tested|remediation_tested|rollback_or_irreversibility_confirmed|escalation_confirmed|time_validated|expected_result_confirmed|owner_signoff|authoritative_source_provenance|last_tested|minimum_peer_reviewers|minimum_sme_reviewers|minimum_test_records|minimum_distinct_environments|negative_path_tested"
P1,set-or-repair-the-default-printer,Set or repair the default printer,Printing & Scanning,under_review,under_review,false,22,false,,"diagnostic_tested|remediation_tested|rollback_or_irreversibility_confirmed|escalation_confirmed|time_validated|expected_result_confirmed|owner_signoff|authoritative_source_provenance|last_tested|minimum_peer_reviewers|minimum_sme_reviewers|minimum_test_records|minimum_distinct_environments|negative_path_tested"
P1,trace-an-active-directory-account-lockout-source,Trace an Active Directory account lockout source,Servers & Core Infrastructure,under_review,under_review,false,22,false,,"diagnostic_tested|remediation_tested|rollback_or_irreversibility_confirmed|escalation_confirmed|time_validated|expected_result_confirmed|owner_signoff|authoritative_source_provenance|last_tested|minimum_peer_reviewers|minimum_sme_reviewers|minimum_test_records|minimum_distinct_environments|negative_path_tested"
P1,triage-a-dhcp-service-issue,Triage a DHCP service issue,Servers & Core Infrastructure,under_review,under_review,false,22,false,,"diagnostic_tested|remediation_tested|rollback_or_irreversibility_confirmed|escalation_confirmed|time_validated|expected_result_confirmed|owner_signoff|authoritative_source_provenance|last_tested|minimum_peer_reviewers|minimum_sme_reviewers|minimum_test_records|minimum_distinct_environments|negative_path_tested"
P1,triage-a-dns-service-issue,Triage a DNS service issue,Servers & Core Infrastructure,under_review,under_review,false,22,false,,"diagnostic_tested|remediation_tested|rollback_or_irreversibility_confirmed|escalation_confirmed|time_validated|expected_result_confirmed|owner_signoff|authoritative_source_provenance|last_tested|minimum_peer_reviewers|minimum_sme_reviewers|minimum_test_records|minimum_distinct_environments|negative_path_tested"
P1,troubleshoot-802-1x-authentication,Troubleshoot 802.1X authentication,Network & Connectivity,under_review,under_review,false,22,false,,"diagnostic_tested|remediation_tested|rollback_or_irreversibility_confirmed|escalation_confirmed|time_validated|expected_result_confirmed|owner_signoff|authoritative_source_provenance|last_tested|minimum_peer_reviewers|minimum_sme_reviewers|minimum_test_records|minimum_distinct_environments|negative_path_tested"
P1,troubleshoot-a-browser-certificate-warning,Troubleshoot a browser certificate warning,Security & Compliance,under_review,under_review,false,22,false,,"diagnostic_tested|remediation_tested|rollback_or_irreversibility_confirmed|escalation_confirmed|time_validated|expected_result_confirmed|owner_signoff|authoritative_source_provenance|last_tested|minimum_peer_reviewers|minimum_sme_reviewers|minimum_test_records|minimum_distinct_environments|negative_path_tested"
P1,troubleshoot-a-browser-proxy-certificate,Troubleshoot a browser proxy certificate,Business Applications & Browsers,under_review,under_review,false,22,false,,"diagnostic_tested|remediation_tested|rollback_or_irreversibility_confirmed|escalation_confirmed|time_validated|expected_result_confirmed|owner_signoff|authoritative_source_provenance|last_tested|minimum_peer_reviewers|minimum_sme_reviewers|minimum_test_records|minimum_distinct_environments|negative_path_tested"
P1,troubleshoot-a-business-application-sign-in,Troubleshoot a business application sign-in,Business Applications & Browsers,under_review,under_review,false,22,false,,"diagnostic_tested|remediation_tested|rollback_or_irreversibility_confirmed|escalation_confirmed|time_validated|expected_result_confirmed|owner_signoff|authoritative_source_provenance|last_tested|minimum_peer_reviewers|minimum_sme_reviewers|minimum_test_records|minimum_distinct_environments|negative_path_tested"
P1,troubleshoot-a-captive-portal,Troubleshoot a captive portal,Network & Connectivity,under_review,under_review,false,22,false,,"diagnostic_tested|remediation_tested|rollback_or_irreversibility_confirmed|escalation_confirmed|time_validated|expected_result_confirmed|owner_signoff|authoritative_source_provenance|last_tested|minimum_peer_reviewers|minimum_sme_reviewers|minimum_test_records|minimum_distinct_environments|negative_path_tested"
P1,troubleshoot-a-certificate-on-macos,Troubleshoot a certificate on macOS,macOS Endpoints,under_review,under_review,false,22,false,,"diagnostic_tested|remediation_tested|rollback_or_irreversibility_confirmed|escalation_confirmed|time_validated|expected_result_confirmed|owner_signoff|authoritative_source_provenance|last_tested|minimum_peer_reviewers|minimum_sme_reviewers|minimum_test_records|minimum_distinct_environments|negative_path_tested"
P1,troubleshoot-a-cloud-vpn-gateway,Troubleshoot a cloud VPN gateway,Cloud & Virtualisation,under_review,under_review,false,22,false,,"diagnostic_tested|remediation_tested|rollback_or_irreversibility_confirmed|escalation_confirmed|time_validated|expected_result_confirmed|owner_signoff|authoritative_source_provenance|last_tested|minimum_peer_reviewers|minimum_sme_reviewers|minimum_test_records|minimum_distinct_environments|negative_path_tested"
P1,troubleshoot-a-conference-room-camera,Troubleshoot a conference-room camera,"Voice, Telephony & Meeting Rooms",under_review,under_review,false,22,false,,"diagnostic_tested|remediation_tested|rollback_or_irreversibility_confirmed|escalation_confirmed|time_validated|expected_result_confirmed|owner_signoff|authoritative_source_provenance|last_tested|minimum_peer_reviewers|minimum_sme_reviewers|minimum_test_records|minimum_distinct_environments|negative_path_tested"
P1,troubleshoot-a-conference-room-display,Troubleshoot a conference-room display,"Voice, Telephony & Meeting Rooms",under_review,under_review,false,22,false,,"diagnostic_tested|remediation_tested|rollback_or_irreversibility_confirmed|escalation_confirmed|time_validated|expected_result_confirmed|owner_signoff|authoritative_source_provenance|last_tested|minimum_peer_reviewers|minimum_sme_reviewers|minimum_test_records|minimum_distinct_environments|negative_path_tested"
P1,troubleshoot-a-container-runtime,Troubleshoot a container runtime,Linux & Developer Workstations,under_review,under_review,false,22,false,,"diagnostic_tested|remediation_tested|rollback_or_irreversibility_confirmed|escalation_confirmed|time_validated|expected_result_confirmed|owner_signoff|authoritative_source_provenance|last_tested|minimum_peer_reviewers|minimum_sme_reviewers|minimum_test_records|minimum_distinct_environments|negative_path_tested"
P1,troubleshoot-a-crm-client,Troubleshoot a CRM client,Business Applications & Browsers,under_review,under_review,false,22,false,,"diagnostic_tested|remediation_tested|rollback_or_irreversibility_confirmed|escalation_confirmed|time_validated|expected_result_confirmed|owner_signoff|authoritative_source_provenance|last_tested|minimum_peer_reviewers|minimum_sme_reviewers|minimum_test_records|minimum_distinct_environments|negative_path_tested"
P1,troubleshoot-a-default-gateway-failure,Troubleshoot a default gateway failure,Network & Connectivity,under_review,under_review,false,22,false,,"diagnostic_tested|remediation_tested|rollback_or_irreversibility_confirmed|escalation_confirmed|time_validated|expected_result_confirmed|owner_signoff|authoritative_source_provenance|last_tested|minimum_peer_reviewers|minimum_sme_reviewers|minimum_test_records|minimum_distinct_environments|negative_path_tested"
P1,troubleshoot-a-desktop-with-no-power,Troubleshoot a desktop with no power,Hardware & Peripherals,under_review,under_review,false,22,false,,"diagnostic_tested|remediation_tested|rollback_or_irreversibility_confirmed|escalation_confirmed|time_validated|expected_result_confirmed|owner_signoff|authoritative_source_provenance|last_tested|minimum_peer_reviewers|minimum_sme_reviewers|minimum_test_records|minimum_distinct_environments|negative_path_tested"
P1,troubleshoot-a-developer-ide,Troubleshoot a developer IDE,Linux & Developer Workstations,under_review,under_review,false,22,false,,"diagnostic_tested|remediation_tested|rollback_or_irreversibility_confirmed|escalation_confirmed|time_validated|expected_result_confirmed|owner_signoff|authoritative_source_provenance|last_tested|minimum_peer_reviewers|minimum_sme_reviewers|minimum_test_records|minimum_distinct_environments|negative_path_tested"
P1,troubleshoot-a-development-proxy,Troubleshoot a development proxy,Linux & Developer Workstations,under_review,under_review,false,22,false,,"diagnostic_tested|remediation_tested|rollback_or_irreversibility_confirmed|escalation_confirmed|time_validated|expected_result_confirmed|owner_signoff|authoritative_source_provenance|last_tested|minimum_peer_reviewers|minimum_sme_reviewers|minimum_test_records|minimum_distinct_environments|negative_path_tested"
P1,troubleshoot-a-docking-station-display-issue,Troubleshoot a docking station display issue,Hardware & Peripherals,under_review,under_review,false,22,false,,"diagnostic_tested|remediation_tested|rollback_or_irreversibility_confirmed|escalation_confirmed|time_validated|expected_result_confirmed|owner_signoff|authoritative_source_provenance|last_tested|minimum_peer_reviewers|minimum_sme_reviewers|minimum_test_records|minimum_distinct_environments|negative_path_tested"
P1,troubleshoot-a-docking-station-power-issue,Troubleshoot a docking station power issue,Hardware & Peripherals,under_review,under_review,false,22,false,,"diagnostic_tested|remediation_tested|rollback_or_irreversibility_confirmed|escalation_confirmed|time_validated|expected_result_confirmed|owner_signoff|authoritative_source_provenance|last_tested|minimum_peer_reviewers|minimum_sme_reviewers|minimum_test_records|minimum_distinct_environments|negative_path_tested"
P1,troubleshoot-a-failed-endpoint-backup,Troubleshoot a failed endpoint backup,"Data Protection, Backup & Recovery",under_review,under_review,false,22,false,,"diagnostic_tested|remediation_tested|rollback_or_irreversibility_confirmed|escalation_confirmed|time_validated|expected_result_confirmed|owner_signoff|authoritative_source_provenance|last_tested|minimum_peer_reviewers|minimum_sme_reviewers|minimum_test_records|minimum_distinct_environments|negative_path_tested"
P1,troubleshoot-a-failed-keyboard,Troubleshoot a failed keyboard,Hardware & Peripherals,under_review,under_review,false,22,false,,"diagnostic_tested|remediation_tested|rollback_or_irreversibility_confirmed|escalation_confirmed|time_validated|expected_result_confirmed|owner_signoff|authoritative_source_provenance|last_tested|minimum_peer_reviewers|minimum_sme_reviewers|minimum_test_records|minimum_distinct_environments|negative_path_tested"
P1,troubleshoot-a-failed-mouse-or-pointing-device,Troubleshoot a failed mouse or pointing device,Hardware & Peripherals,under_review,under_review,false,22,false,,"diagnostic_tested|remediation_tested|rollback_or_irreversibility_confirmed|escalation_confirmed|time_validated|expected_result_confirmed|owner_signoff|authoritative_source_provenance|last_tested|minimum_peer_reviewers|minimum_sme_reviewers|minimum_test_records|minimum_distinct_environments|negative_path_tested"
P1,troubleshoot-a-failed-scheduled-task,Troubleshoot a failed scheduled task,Servers & Core Infrastructure,under_review,under_review,false,22,false,,"diagnostic_tested|remediation_tested|rollback_or_irreversibility_confirmed|escalation_confirmed|time_validated|expected_result_confirmed|owner_signoff|authoritative_source_provenance|last_tested|minimum_peer_reviewers|minimum_sme_reviewers|minimum_test_records|minimum_distinct_environments|negative_path_tested"
P1,troubleshoot-a-failed-server-backup,Troubleshoot a failed server backup,"Data Protection, Backup & Recovery",under_review,under_review,false,22,false,,"diagnostic_tested|remediation_tested|rollback_or_irreversibility_confirmed|escalation_confirmed|time_validated|expected_result_confirmed|owner_signoff|authoritative_source_provenance|last_tested|minimum_peer_reviewers|minimum_sme_reviewers|minimum_test_records|minimum_distinct_environments|negative_path_tested"
P1,troubleshoot-a-failed-systemd-service,Troubleshoot a failed systemd service,Linux & Developer Workstations,under_review,under_review,false,22,false,,"diagnostic_tested|remediation_tested|rollback_or_irreversibility_confirmed|escalation_confirmed|time_validated|expected_result_confirmed|owner_signoff|authoritative_source_provenance|last_tested|minimum_peer_reviewers|minimum_sme_reviewers|minimum_test_records|minimum_distinct_environments|negative_path_tested"
P1,troubleshoot-a-firewall-blocked-application,Troubleshoot a firewall-blocked application,Network & Connectivity,under_review,under_review,false,22,false,,"diagnostic_tested|remediation_tested|rollback_or_irreversibility_confirmed|escalation_confirmed|time_validated|expected_result_confirmed|owner_signoff|authoritative_source_provenance|last_tested|minimum_peer_reviewers|minimum_sme_reviewers|minimum_test_records|minimum_distinct_environments|negative_path_tested"
P1,troubleshoot-a-git-repository-clone,Troubleshoot a Git repository clone,Linux & Developer Workstations,under_review,under_review,false,22,false,,"diagnostic_tested|remediation_tested|rollback_or_irreversibility_confirmed|escalation_confirmed|time_validated|expected_result_confirmed|owner_signoff|authoritative_source_provenance|last_tested|minimum_peer_reviewers|minimum_sme_reviewers|minimum_test_records|minimum_distinct_environments|negative_path_tested"
P1,troubleshoot-a-headset,Troubleshoot a headset,Hardware & Peripherals,under_review,under_review,false,22,false,,"diagnostic_tested|remediation_tested|rollback_or_irreversibility_confirmed|escalation_confirmed|time_validated|expected_result_confirmed|owner_signoff|authoritative_source_provenance|last_tested|minimum_peer_reviewers|minimum_sme_reviewers|minimum_test_records|minimum_distinct_environments|negative_path_tested"
P1,troubleshoot-a-java-based-business-application,Troubleshoot a Java-based business application,Business Applications & Browsers,under_review,under_review,false,22,false,,"diagnostic_tested|remediation_tested|rollback_or_irreversibility_confirmed|escalation_confirmed|time_validated|expected_result_confirmed|owner_signoff|authoritative_source_provenance|last_tested|minimum_peer_reviewers|minimum_sme_reviewers|minimum_test_records|minimum_distinct_environments|negative_path_tested"
P1,troubleshoot-a-label-printer,Troubleshoot a label printer,Printing & Scanning,under_review,under_review,false,22,false,,"diagnostic_tested|remediation_tested|rollback_or_irreversibility_confirmed|escalation_confirmed|time_validated|expected_result_confirmed|owner_signoff|authoritative_source_provenance|last_tested|minimum_peer_reviewers|minimum_sme_reviewers|minimum_test_records|minimum_distinct_environments|negative_path_tested"
P1,troubleshoot-a-laptop-display-with-no-image,Troubleshoot a laptop display with no image,Hardware & Peripherals,under_review,under_review,false,22,false,,"diagnostic_tested|remediation_tested|rollback_or_irreversibility_confirmed|escalation_confirmed|time_validated|expected_result_confirmed|owner_signoff|authoritative_source_provenance|last_tested|minimum_peer_reviewers|minimum_sme_reviewers|minimum_test_records|minimum_distinct_environments|negative_path_tested"
P1,troubleshoot-a-local-development-port-conflict,Troubleshoot a local development port conflict,Linux & Developer Workstations,under_review,under_review,false,22,false,,"diagnostic_tested|remediation_tested|rollback_or_irreversibility_confirmed|escalation_confirmed|time_validated|expected_result_confirmed|owner_signoff|authoritative_source_provenance|last_tested|minimum_peer_reviewers|minimum_sme_reviewers|minimum_test_records|minimum_distinct_environments|negative_path_tested"
P1,troubleshoot-a-mapped-drive-reconnect-failure,Troubleshoot a mapped drive reconnect failure,Network & Connectivity,under_review,under_review,false,22,false,,"diagnostic_tested|remediation_tested|rollback_or_irreversibility_confirmed|escalation_confirmed|time_validated|expected_result_confirmed|owner_signoff|authoritative_source_provenance|last_tested|minimum_peer_reviewers|minimum_sme_reviewers|minimum_test_records|minimum_distinct_environments|negative_path_tested"
P1,troubleshoot-a-mobile-work-profile,Troubleshoot a mobile work profile,Mobile Devices & MDM,under_review,under_review,false,22,false,,"diagnostic_tested|remediation_tested|rollback_or_irreversibility_confirmed|escalation_confirmed|time_validated|expected_result_confirmed|owner_signoff|authoritative_source_provenance|last_tested|minimum_peer_reviewers|minimum_sme_reviewers|minimum_test_records|minimum_distinct_environments|negative_path_tested"
P1,troubleshoot-a-network-printer-that-is-unreachable,Troubleshoot a network printer that is unreachable,Printing & Scanning,under_review,under_review,false,22,false,,"diagnostic_tested|remediation_tested|rollback_or_irreversibility_confirmed|escalation_confirmed|time_validated|expected_result_confirmed|owner_signoff|authoritative_source_provenance|last_tested|minimum_peer_reviewers|minimum_sme_reviewers|minimum_test_records|minimum_distinct_environments|negative_path_tested"
P1,troubleshoot-a-network-share-access-failure,Troubleshoot a network share access failure,Network & Connectivity,under_review,under_review,false,22,false,,"diagnostic_tested|remediation_tested|rollback_or_irreversibility_confirmed|escalation_confirmed|time_validated|expected_result_confirmed|owner_signoff|authoritative_source_provenance|last_tested|minimum_peer_reviewers|minimum_sme_reviewers|minimum_test_records|minimum_distinct_environments|negative_path_tested"
P1,troubleshoot-a-pdf-that-will-not-open,Troubleshoot a PDF that will not open,Business Applications & Browsers,under_review,under_review,false,22,false,,"diagnostic_tested|remediation_tested|rollback_or_irreversibility_confirmed|escalation_confirmed|time_validated|expected_result_confirmed|owner_signoff|authoritative_source_provenance|last_tested|minimum_peer_reviewers|minimum_sme_reviewers|minimum_test_records|minimum_distinct_environments|negative_path_tested"
P1,troubleshoot-a-room-mailbox,Troubleshoot a room mailbox,Microsoft 365 & Collaboration,under_review,under_review,false,22,false,,"diagnostic_tested|remediation_tested|rollback_or_irreversibility_confirmed|escalation_confirmed|time_validated|expected_result_confirmed|owner_signoff|authoritative_source_provenance|last_tested|minimum_peer_reviewers|minimum_sme_reviewers|minimum_test_records|minimum_distinct_environments|negative_path_tested"
P1,troubleshoot-a-saml-application-error,Troubleshoot a SAML application error,Business Applications & Browsers,under_review,under_review,false,22,false,,"diagnostic_tested|remediation_tested|rollback_or_irreversibility_confirmed|escalation_confirmed|time_validated|expected_result_confirmed|owner_signoff|authoritative_source_provenance|last_tested|minimum_peer_reviewers|minimum_sme_reviewers|minimum_test_records|minimum_distinct_environments|negative_path_tested"
P1,troubleshoot-a-scanner-not-detected,Troubleshoot a scanner not detected,Printing & Scanning,under_review,under_review,false,22,false,,"diagnostic_tested|remediation_tested|rollback_or_irreversibility_confirmed|escalation_confirmed|time_validated|expected_result_confirmed|owner_signoff|authoritative_source_provenance|last_tested|minimum_peer_reviewers|minimum_sme_reviewers|minimum_test_records|minimum_distinct_environments|negative_path_tested"
P1,troubleshoot-a-service-account,Troubleshoot a service account,Identity & Access Management,under_review,under_review,false,22,false,,"diagnostic_tested|remediation_tested|rollback_or_irreversibility_confirmed|escalation_confirmed|time_validated|expected_result_confirmed|owner_signoff|authoritative_source_provenance|last_tested|minimum_peer_reviewers|minimum_sme_reviewers|minimum_test_records|minimum_distinct_environments|negative_path_tested"
P1,troubleshoot-a-shared-mailbox,Troubleshoot a shared mailbox,Microsoft 365 & Collaboration,under_review,under_review,false,22,false,,"diagnostic_tested|remediation_tested|rollback_or_irreversibility_confirmed|escalation_confirmed|time_validated|expected_result_confirmed|owner_signoff|authoritative_source_provenance|last_tested|minimum_peer_reviewers|minimum_sme_reviewers|minimum_test_records|minimum_distinct_environments|negative_path_tested"
P1,troubleshoot-a-stopped-windows-server-service,Troubleshoot a stopped Windows Server service,Servers & Core Infrastructure,under_review,under_review,false,22,false,,"diagnostic_tested|remediation_tested|rollback_or_irreversibility_confirmed|escalation_confirmed|time_validated|expected_result_confirmed|owner_signoff|authoritative_source_provenance|last_tested|minimum_peer_reviewers|minimum_sme_reviewers|minimum_test_records|minimum_distinct_environments|negative_path_tested"
P1,troubleshoot-a-teams-phone-device,Troubleshoot a Teams Phone device,"Voice, Telephony & Meeting Rooms",under_review,under_review,false,22,false,,"diagnostic_tested|remediation_tested|rollback_or_irreversibility_confirmed|escalation_confirmed|time_validated|expected_result_confirmed|owner_signoff|authoritative_source_provenance|last_tested|minimum_peer_reviewers|minimum_sme_reviewers|minimum_test_records|minimum_distinct_environments|negative_path_tested"
P1,troubleshoot-a-teams-room-system-offline,Troubleshoot a Teams Room system offline,"Voice, Telephony & Meeting Rooms",under_review,under_review,false,22,false,,"diagnostic_tested|remediation_tested|rollback_or_irreversibility_confirmed|escalation_confirmed|time_validated|expected_result_confirmed|owner_signoff|authoritative_source_provenance|last_tested|minimum_peer_reviewers|minimum_sme_reviewers|minimum_test_records|minimum_distinct_environments|negative_path_tested"
P1,troubleshoot-a-usb-peripheral,Troubleshoot a USB peripheral,Hardware & Peripherals,under_review,under_review,false,22,false,,"diagnostic_tested|remediation_tested|rollback_or_irreversibility_confirmed|escalation_confirmed|time_validated|expected_result_confirmed|owner_signoff|authoritative_source_provenance|last_tested|minimum_peer_reviewers|minimum_sme_reviewers|minimum_test_records|minimum_distinct_environments|negative_path_tested"
P1,troubleshoot-a-vdi-profile-issue,Troubleshoot a VDI profile issue,"Remote Access, VDI & DaaS",under_review,under_review,false,22,false,,"diagnostic_tested|remediation_tested|rollback_or_irreversibility_confirmed|escalation_confirmed|time_validated|expected_result_confirmed|owner_signoff|authoritative_source_provenance|last_tested|minimum_peer_reviewers|minimum_sme_reviewers|minimum_test_records|minimum_distinct_environments|negative_path_tested"
P1,troubleshoot-a-web-filter-block,Troubleshoot a web-filter block,Network & Connectivity,under_review,under_review,false,22,false,,"diagnostic_tested|remediation_tested|rollback_or_irreversibility_confirmed|escalation_confirmed|time_validated|expected_result_confirmed|owner_signoff|authoritative_source_provenance|last_tested|minimum_peer_reviewers|minimum_sme_reviewers|minimum_test_records|minimum_distinct_environments|negative_path_tested"
P1,troubleshoot-a-webcam-on-windows,Troubleshoot a webcam on Windows,Windows Endpoints,under_review,under_review,false,22,false,,"diagnostic_tested|remediation_tested|rollback_or_irreversibility_confirmed|escalation_confirmed|time_validated|expected_result_confirmed|owner_signoff|authoritative_source_provenance|last_tested|minimum_peer_reviewers|minimum_sme_reviewers|minimum_test_records|minimum_distinct_environments|negative_path_tested"
P1,troubleshoot-a-windows-certificate-service-request,Troubleshoot a Windows certificate service request,Servers & Core Infrastructure,under_review,under_review,false,22,false,,"diagnostic_tested|remediation_tested|rollback_or_irreversibility_confirmed|escalation_confirmed|time_validated|expected_result_confirmed|owner_signoff|authoritative_source_provenance|last_tested|minimum_peer_reviewers|minimum_sme_reviewers|minimum_test_records|minimum_distinct_environments|negative_path_tested"
P1,troubleshoot-a-windows-device-that-will-not-power-on,Troubleshoot a Windows device that will not power on,Windows Endpoints,under_review,under_review,false,22,false,,"diagnostic_tested|remediation_tested|rollback_or_irreversibility_confirmed|escalation_confirmed|time_validated|expected_result_confirmed|owner_signoff|authoritative_source_provenance|last_tested|minimum_peer_reviewers|minimum_sme_reviewers|minimum_test_records|minimum_distinct_environments|negative_path_tested"
P1,troubleshoot-a-windows-update-failure,Troubleshoot a Windows Update failure,Windows Endpoints,under_review,under_review,false,22,false,,"diagnostic_tested|remediation_tested|rollback_or_irreversibility_confirmed|escalation_confirmed|time_validated|expected_result_confirmed|owner_signoff|authoritative_source_provenance|last_tested|minimum_peer_reviewers|minimum_sme_reviewers|minimum_test_records|minimum_distinct_environments|negative_path_tested"
P1,troubleshoot-a-zero-trust-network-client,Troubleshoot a zero-trust network client,Network & Connectivity,under_review,under_review,false,22,false,,"diagnostic_tested|remediation_tested|rollback_or_irreversibility_confirmed|escalation_confirmed|time_validated|expected_result_confirmed|owner_signoff|authoritative_source_provenance|last_tested|minimum_peer_reviewers|minimum_sme_reviewers|minimum_test_records|minimum_distinct_environments|negative_path_tested"
P1,troubleshoot-adobe-acrobat-sign-in,Troubleshoot Adobe Acrobat sign-in,Business Applications & Browsers,under_review,under_review,false,22,false,,"diagnostic_tested|remediation_tested|rollback_or_irreversibility_confirmed|escalation_confirmed|time_validated|expected_result_confirmed|owner_signoff|authoritative_source_provenance|last_tested|minimum_peer_reviewers|minimum_sme_reviewers|minimum_test_records|minimum_distinct_environments|negative_path_tested"
P1,troubleshoot-an-application-that-will-not-install,Troubleshoot an application that will not install,Windows Endpoints,under_review,under_review,false,22,false,,"diagnostic_tested|remediation_tested|rollback_or_irreversibility_confirmed|escalation_confirmed|time_validated|expected_result_confirmed|owner_signoff|authoritative_source_provenance|last_tested|minimum_peer_reviewers|minimum_sme_reviewers|minimum_test_records|minimum_distinct_environments|negative_path_tested"
P1,troubleshoot-an-application-timeout,Troubleshoot an application timeout,Business Applications & Browsers,under_review,under_review,false,22,false,,"diagnostic_tested|remediation_tested|rollback_or_irreversibility_confirmed|escalation_confirmed|time_validated|expected_result_confirmed|owner_signoff|authoritative_source_provenance|last_tested|minimum_peer_reviewers|minimum_sme_reviewers|minimum_test_records|minimum_distinct_environments|negative_path_tested"
P1,troubleshoot-an-aws-ec2-instance-that-is-unreachable,Troubleshoot an AWS EC2 instance that is unreachable,Cloud & Virtualisation,under_review,under_review,false,22,false,,"diagnostic_tested|remediation_tested|rollback_or_irreversibility_confirmed|escalation_confirmed|time_validated|expected_result_confirmed|owner_signoff|authoritative_source_provenance|last_tested|minimum_peer_reviewers|minimum_sme_reviewers|minimum_test_records|minimum_distinct_environments|negative_path_tested"
P1,troubleshoot-an-azure-virtual-machine-that-is-unreachable,Troubleshoot an Azure virtual machine that is unreachable,Cloud & Virtualisation,under_review,under_review,false,22,false,,"diagnostic_tested|remediation_tested|rollback_or_irreversibility_confirmed|escalation_confirmed|time_validated|expected_result_confirmed|owner_signoff|authoritative_source_provenance|last_tested|minimum_peer_reviewers|minimum_sme_reviewers|minimum_test_records|minimum_distinct_environments|negative_path_tested"
P1,troubleshoot-an-electronic-signature-workflow,Troubleshoot an electronic-signature workflow,Business Applications & Browsers,under_review,under_review,false,22,false,,"diagnostic_tested|remediation_tested|rollback_or_irreversibility_confirmed|escalation_confirmed|time_validated|expected_result_confirmed|owner_signoff|authoritative_source_provenance|last_tested|minimum_peer_reviewers|minimum_sme_reviewers|minimum_test_records|minimum_distinct_environments|negative_path_tested"
P1,troubleshoot-an-erp-client,Troubleshoot an ERP client,Business Applications & Browsers,under_review,under_review,false,22,false,,"diagnostic_tested|remediation_tested|rollback_or_irreversibility_confirmed|escalation_confirmed|time_validated|expected_result_confirmed|owner_signoff|authoritative_source_provenance|last_tested|minimum_peer_reviewers|minimum_sme_reviewers|minimum_test_records|minimum_distinct_environments|negative_path_tested"
P1,troubleshoot-an-external-display-on-macos,Troubleshoot an external display on macOS,macOS Endpoints,under_review,under_review,false,22,false,,"diagnostic_tested|remediation_tested|rollback_or_irreversibility_confirmed|escalation_confirmed|time_validated|expected_result_confirmed|owner_signoff|authoritative_source_provenance|last_tested|minimum_peer_reviewers|minimum_sme_reviewers|minimum_test_records|minimum_distinct_environments|negative_path_tested"
P1,troubleshoot-an-external-monitor,Troubleshoot an external monitor,Windows Endpoints,under_review,under_review,false,22,false,,"diagnostic_tested|remediation_tested|rollback_or_irreversibility_confirmed|escalation_confirmed|time_validated|expected_result_confirmed|owner_signoff|authoritative_source_provenance|last_tested|minimum_peer_reviewers|minimum_sme_reviewers|minimum_test_records|minimum_distinct_environments|negative_path_tested"
P1,troubleshoot-an-external-monitor-with-no-signal,Troubleshoot an external monitor with no signal,Hardware & Peripherals,under_review,under_review,false,22,false,,"diagnostic_tested|remediation_tested|rollback_or_irreversibility_confirmed|escalation_confirmed|time_validated|expected_result_confirmed|owner_signoff|authoritative_source_provenance|last_tested|minimum_peer_reviewers|minimum_sme_reviewers|minimum_test_records|minimum_distinct_environments|negative_path_tested"
P1,troubleshoot-an-http-403-error,Troubleshoot an HTTP 403 error,Business Applications & Browsers,under_review,under_review,false,22,false,,"diagnostic_tested|remediation_tested|rollback_or_irreversibility_confirmed|escalation_confirmed|time_validated|expected_result_confirmed|owner_signoff|authoritative_source_provenance|last_tested|minimum_peer_reviewers|minimum_sme_reviewers|minimum_test_records|minimum_distinct_environments|negative_path_tested"
P1,troubleshoot-an-http-404-error,Troubleshoot an HTTP 404 error,Business Applications & Browsers,under_review,under_review,false,22,false,,"diagnostic_tested|remediation_tested|rollback_or_irreversibility_confirmed|escalation_confirmed|time_validated|expected_result_confirmed|owner_signoff|authoritative_source_provenance|last_tested|minimum_peer_reviewers|minimum_sme_reviewers|minimum_test_records|minimum_distinct_environments|negative_path_tested"
P1,troubleshoot-an-http-500-error,Troubleshoot an HTTP 500 error,Business Applications & Browsers,under_review,under_review,false,22,false,,"diagnostic_tested|remediation_tested|rollback_or_irreversibility_confirmed|escalation_confirmed|time_validated|expected_result_confirmed|owner_signoff|authoritative_source_provenance|last_tested|minimum_peer_reviewers|minimum_sme_reviewers|minimum_test_records|minimum_distinct_environments|negative_path_tested"
P1,troubleshoot-application-printing,Troubleshoot application printing,Business Applications & Browsers,under_review,under_review,false,22,false,,"diagnostic_tested|remediation_tested|rollback_or_irreversibility_confirmed|escalation_confirmed|time_validated|expected_result_confirmed|owner_signoff|authoritative_source_provenance|last_tested|minimum_peer_reviewers|minimum_sme_reviewers|minimum_test_records|minimum_distinct_environments|negative_path_tested"
P1,troubleshoot-audio-or-microphone-on-macos,Troubleshoot audio or microphone on macOS,macOS Endpoints,under_review,under_review,false,22,false,,"diagnostic_tested|remediation_tested|rollback_or_irreversibility_confirmed|escalation_confirmed|time_validated|expected_result_confirmed|owner_signoff|authoritative_source_provenance|last_tested|minimum_peer_reviewers|minimum_sme_reviewers|minimum_test_records|minimum_distinct_environments|negative_path_tested"
P1,troubleshoot-blocked-browser-downloads,Troubleshoot blocked browser downloads,Business Applications & Browsers,under_review,under_review,false,22,false,,"diagnostic_tested|remediation_tested|rollback_or_irreversibility_confirmed|escalation_confirmed|time_validated|expected_result_confirmed|owner_signoff|authoritative_source_provenance|last_tested|minimum_peer_reviewers|minimum_sme_reviewers|minimum_test_records|minimum_distinct_environments|negative_path_tested"
P1,troubleshoot-bluetooth-devices,Troubleshoot Bluetooth devices,Windows Endpoints,under_review,under_review,false,22,false,,"diagnostic_tested|remediation_tested|rollback_or_irreversibility_confirmed|escalation_confirmed|time_validated|expected_result_confirmed|owner_signoff|authoritative_source_provenance|last_tested|minimum_peer_reviewers|minimum_sme_reviewers|minimum_test_records|minimum_distinct_environments|negative_path_tested"
P1,troubleshoot-calendar-permissions,Troubleshoot calendar permissions,Microsoft 365 & Collaboration,under_review,under_review,false,22,false,,"diagnostic_tested|remediation_tested|rollback_or_irreversibility_confirmed|escalation_confirmed|time_validated|expected_result_confirmed|owner_signoff|authoritative_source_provenance|last_tested|minimum_peer_reviewers|minimum_sme_reviewers|minimum_test_records|minimum_distinct_environments|negative_path_tested"
P1,troubleshoot-camera-access-on-macos,Troubleshoot camera access on macOS,macOS Endpoints,under_review,under_review,false,22,false,,"diagnostic_tested|remediation_tested|rollback_or_irreversibility_confirmed|escalation_confirmed|time_validated|expected_result_confirmed|owner_signoff|authoritative_source_provenance|last_tested|minimum_peer_reviewers|minimum_sme_reviewers|minimum_test_records|minimum_distinct_environments|negative_path_tested"
P1,troubleshoot-chrome-profile-synchronisation,Troubleshoot Chrome profile synchronisation,Google Workspace & Web Collaboration,under_review,under_review,false,22,false,,"diagnostic_tested|remediation_tested|rollback_or_irreversibility_confirmed|escalation_confirmed|time_validated|expected_result_confirmed|owner_signoff|authoritative_source_provenance|last_tested|minimum_peer_reviewers|minimum_sme_reviewers|minimum_test_records|minimum_distinct_environments|negative_path_tested"
P1,troubleshoot-citrix-audio-or-microphone,Troubleshoot Citrix audio or microphone,"Remote Access, VDI & DaaS",under_review,under_review,false,22,false,,"diagnostic_tested|remediation_tested|rollback_or_irreversibility_confirmed|escalation_confirmed|time_validated|expected_result_confirmed|owner_signoff|authoritative_source_provenance|last_tested|minimum_peer_reviewers|minimum_sme_reviewers|minimum_test_records|minimum_distinct_environments|negative_path_tested"
P1,troubleshoot-citrix-printing,Troubleshoot Citrix printing,"Remote Access, VDI & DaaS",under_review,under_review,false,22,false,,"diagnostic_tested|remediation_tested|rollback_or_irreversibility_confirmed|escalation_confirmed|time_validated|expected_result_confirmed|owner_signoff|authoritative_source_provenance|last_tested|minimum_peer_reviewers|minimum_sme_reviewers|minimum_test_records|minimum_distinct_environments|negative_path_tested"
P1,troubleshoot-colour-or-duplex-printing,Troubleshoot colour or duplex printing,Printing & Scanning,under_review,under_review,false,22,false,,"diagnostic_tested|remediation_tested|rollback_or_irreversibility_confirmed|escalation_confirmed|time_validated|expected_result_confirmed|owner_signoff|authoritative_source_provenance|last_tested|minimum_peer_reviewers|minimum_sme_reviewers|minimum_test_records|minimum_distinct_environments|negative_path_tested"
P1,troubleshoot-conference-room-audio,Troubleshoot conference-room audio,"Voice, Telephony & Meeting Rooms",under_review,under_review,false,22,false,,"diagnostic_tested|remediation_tested|rollback_or_irreversibility_confirmed|escalation_confirmed|time_validated|expected_result_confirmed|owner_signoff|authoritative_source_provenance|last_tested|minimum_peer_reviewers|minimum_sme_reviewers|minimum_test_records|minimum_distinct_environments|negative_path_tested"
P1,troubleshoot-dhcp-address-assignment,Troubleshoot DHCP address assignment,Network & Connectivity,under_review,under_review,false,22,false,,"diagnostic_tested|remediation_tested|rollback_or_irreversibility_confirmed|escalation_confirmed|time_validated|expected_result_confirmed|owner_signoff|authoritative_source_provenance|last_tested|minimum_peer_reviewers|minimum_sme_reviewers|minimum_test_records|minimum_distinct_environments|negative_path_tested"
P1,troubleshoot-directory-synchronisation,Troubleshoot directory synchronisation,Identity & Access Management,under_review,under_review,false,22,false,,"diagnostic_tested|remediation_tested|rollback_or_irreversibility_confirmed|escalation_confirmed|time_validated|expected_result_confirmed|owner_signoff|authoritative_source_provenance|last_tested|minimum_peer_reviewers|minimum_sme_reviewers|minimum_test_records|minimum_distinct_environments|negative_path_tested"
P1,troubleshoot-disk-encryption-compliance,Troubleshoot disk-encryption compliance,Security & Compliance,under_review,under_review,false,22,false,,"diagnostic_tested|remediation_tested|rollback_or_irreversibility_confirmed|escalation_confirmed|time_validated|expected_result_confirmed|owner_signoff|authoritative_source_provenance|last_tested|minimum_peer_reviewers|minimum_sme_reviewers|minimum_test_records|minimum_distinct_environments|negative_path_tested"
P1,troubleshoot-dns-name-resolution,Troubleshoot DNS name resolution,Network & Connectivity,under_review,under_review,false,22,false,,"diagnostic_tested|remediation_tested|rollback_or_irreversibility_confirmed|escalation_confirmed|time_validated|expected_result_confirmed|owner_signoff|authoritative_source_provenance|last_tested|minimum_peer_reviewers|minimum_sme_reviewers|minimum_test_records|minimum_distinct_environments|negative_path_tested"
P1,troubleshoot-docker-desktop,Troubleshoot Docker Desktop,Linux & Developer Workstations,under_review,under_review,false,22,false,,"diagnostic_tested|remediation_tested|rollback_or_irreversibility_confirmed|escalation_confirmed|time_validated|expected_result_confirmed|owner_signoff|authoritative_source_provenance|last_tested|minimum_peer_reviewers|minimum_sme_reviewers|minimum_test_records|minimum_distinct_environments|negative_path_tested"
P1,troubleshoot-endpoint-protection-health,Troubleshoot endpoint protection health,Security & Compliance,under_review,under_review,false,22,false,,"diagnostic_tested|remediation_tested|rollback_or_irreversibility_confirmed|escalation_confirmed|time_validated|expected_result_confirmed|owner_signoff|authoritative_source_provenance|last_tested|minimum_peer_reviewers|minimum_sme_reviewers|minimum_test_records|minimum_distinct_environments|negative_path_tested"
P1,troubleshoot-git-authentication,Troubleshoot Git authentication,Linux & Developer Workstations,under_review,under_review,false,22,false,,"diagnostic_tested|remediation_tested|rollback_or_irreversibility_confirmed|escalation_confirmed|time_validated|expected_result_confirmed|owner_signoff|authoritative_source_provenance|last_tested|minimum_peer_reviewers|minimum_sme_reviewers|minimum_test_records|minimum_distinct_environments|negative_path_tested"
P1,troubleshoot-gmail-delegation,Troubleshoot Gmail delegation,Google Workspace & Web Collaboration,under_review,under_review,false,22,false,,"diagnostic_tested|remediation_tested|rollback_or_irreversibility_confirmed|escalation_confirmed|time_validated|expected_result_confirmed|owner_signoff|authoritative_source_provenance|last_tested|minimum_peer_reviewers|minimum_sme_reviewers|minimum_test_records|minimum_distinct_environments|negative_path_tested"
P1,troubleshoot-gmail-send-or-receive,Troubleshoot Gmail send or receive,Google Workspace & Web Collaboration,under_review,under_review,false,22,false,,"diagnostic_tested|remediation_tested|rollback_or_irreversibility_confirmed|escalation_confirmed|time_validated|expected_result_confirmed|owner_signoff|authoritative_source_provenance|last_tested|minimum_peer_reviewers|minimum_sme_reviewers|minimum_test_records|minimum_distinct_environments|negative_path_tested"
P1,troubleshoot-google-drive-synchronisation,Troubleshoot Google Drive synchronisation,Google Workspace & Web Collaboration,under_review,under_review,false,22,false,,"diagnostic_tested|remediation_tested|rollback_or_irreversibility_confirmed|escalation_confirmed|time_validated|expected_result_confirmed|owner_signoff|authoritative_source_provenance|last_tested|minimum_peer_reviewers|minimum_sme_reviewers|minimum_test_records|minimum_distinct_environments|negative_path_tested"
P1,troubleshoot-google-meet-audio-or-video,Troubleshoot Google Meet audio or video,Google Workspace & Web Collaboration,under_review,under_review,false,22,false,,"diagnostic_tested|remediation_tested|rollback_or_irreversibility_confirmed|escalation_confirmed|time_validated|expected_result_confirmed|owner_signoff|authoritative_source_provenance|last_tested|minimum_peer_reviewers|minimum_sme_reviewers|minimum_test_records|minimum_distinct_environments|negative_path_tested"
P1,troubleshoot-high-cpu-utilisation,Troubleshoot high CPU utilisation,Windows Endpoints,under_review,under_review,false,22,false,,"diagnostic_tested|remediation_tested|rollback_or_irreversibility_confirmed|escalation_confirmed|time_validated|expected_result_confirmed|owner_signoff|authoritative_source_provenance|last_tested|minimum_peer_reviewers|minimum_sme_reviewers|minimum_test_records|minimum_distinct_environments|negative_path_tested"
P1,troubleshoot-high-load-on-linux,Troubleshoot high load on Linux,Linux & Developer Workstations,under_review,under_review,false,22,false,,"diagnostic_tested|remediation_tested|rollback_or_irreversibility_confirmed|escalation_confirmed|time_validated|expected_result_confirmed|owner_signoff|authoritative_source_provenance|last_tested|minimum_peer_reviewers|minimum_sme_reviewers|minimum_test_records|minimum_distinct_environments|negative_path_tested"
P1,troubleshoot-high-memory-utilisation,Troubleshoot high memory utilisation,Windows Endpoints,under_review,under_review,false,22,false,,"diagnostic_tested|remediation_tested|rollback_or_irreversibility_confirmed|escalation_confirmed|time_validated|expected_result_confirmed|owner_signoff|authoritative_source_provenance|last_tested|minimum_peer_reviewers|minimum_sme_reviewers|minimum_test_records|minimum_distinct_environments|negative_path_tested"
P1,troubleshoot-known-folder-move,Troubleshoot Known Folder Move,Microsoft 365 & Collaboration,under_review,under_review,false,22,false,,"diagnostic_tested|remediation_tested|rollback_or_irreversibility_confirmed|escalation_confirmed|time_validated|expected_result_confirmed|owner_signoff|authoritative_source_provenance|last_tested|minimum_peer_reviewers|minimum_sme_reviewers|minimum_test_records|minimum_distinct_environments|negative_path_tested"
P1,troubleshoot-linux-certificate-trust,Troubleshoot Linux certificate trust,Linux & Developer Workstations,under_review,under_review,false,22,false,,"diagnostic_tested|remediation_tested|rollback_or_irreversibility_confirmed|escalation_confirmed|time_validated|expected_result_confirmed|owner_signoff|authoritative_source_provenance|last_tested|minimum_peer_reviewers|minimum_sme_reviewers|minimum_test_records|minimum_distinct_environments|negative_path_tested"
P1,troubleshoot-linux-dns-resolution,Troubleshoot Linux DNS resolution,Linux & Developer Workstations,under_review,under_review,false,22,false,,"diagnostic_tested|remediation_tested|rollback_or_irreversibility_confirmed|escalation_confirmed|time_validated|expected_result_confirmed|owner_signoff|authoritative_source_provenance|last_tested|minimum_peer_reviewers|minimum_sme_reviewers|minimum_test_records|minimum_distinct_environments|negative_path_tested"
P1,troubleshoot-linux-sign-in,Troubleshoot Linux sign-in,Linux & Developer Workstations,under_review,under_review,false,22,false,,"diagnostic_tested|remediation_tested|rollback_or_irreversibility_confirmed|escalation_confirmed|time_validated|expected_result_confirmed|owner_signoff|authoritative_source_provenance|last_tested|minimum_peer_reviewers|minimum_sme_reviewers|minimum_test_records|minimum_distinct_environments|negative_path_tested"
P1,troubleshoot-linux-vpn,Troubleshoot Linux VPN,Linux & Developer Workstations,under_review,under_review,false,22,false,,"diagnostic_tested|remediation_tested|rollback_or_irreversibility_confirmed|escalation_confirmed|time_validated|expected_result_confirmed|owner_signoff|authoritative_source_provenance|last_tested|minimum_peer_reviewers|minimum_sme_reviewers|minimum_test_records|minimum_distinct_environments|negative_path_tested"
P1,troubleshoot-macos-sign-in-failure,Troubleshoot macOS sign-in failure,macOS Endpoints,under_review,under_review,false,22,false,,"diagnostic_tested|remediation_tested|rollback_or_irreversibility_confirmed|escalation_confirmed|time_validated|expected_result_confirmed|owner_signoff|authoritative_source_provenance|last_tested|minimum_peer_reviewers|minimum_sme_reviewers|minimum_test_records|minimum_distinct_environments|negative_path_tested"
P1,troubleshoot-macos-vpn,Troubleshoot macOS VPN,macOS Endpoints,under_review,under_review,false,22,false,,"diagnostic_tested|remediation_tested|rollback_or_irreversibility_confirmed|escalation_confirmed|time_validated|expected_result_confirmed|owner_signoff|authoritative_source_provenance|last_tested|minimum_peer_reviewers|minimum_sme_reviewers|minimum_test_records|minimum_distinct_environments|negative_path_tested"
P1,troubleshoot-meeting-updates-or-cancellations,Troubleshoot meeting updates or cancellations,Microsoft 365 & Collaboration,under_review,under_review,false,22,false,,"diagnostic_tested|remediation_tested|rollback_or_irreversibility_confirmed|escalation_confirmed|time_validated|expected_result_confirmed|owner_signoff|authoritative_source_provenance|last_tested|minimum_peer_reviewers|minimum_sme_reviewers|minimum_test_records|minimum_distinct_environments|negative_path_tested"
P1,troubleshoot-microsoft-teams-sign-in,Troubleshoot Microsoft Teams sign-in,Microsoft 365 & Collaboration,under_review,under_review,false,22,false,,"diagnostic_tested|remediation_tested|rollback_or_irreversibility_confirmed|escalation_confirmed|time_validated|expected_result_confirmed|owner_signoff|authoritative_source_provenance|last_tested|minimum_peer_reviewers|minimum_sme_reviewers|minimum_test_records|minimum_distinct_environments|negative_path_tested"
P1,troubleshoot-mobile-outlook-synchronisation,Troubleshoot mobile Outlook synchronisation,Mobile Devices & MDM,under_review,under_review,false,22,false,,"diagnostic_tested|remediation_tested|rollback_or_irreversibility_confirmed|escalation_confirmed|time_validated|expected_result_confirmed|owner_signoff|authoritative_source_provenance|last_tested|minimum_peer_reviewers|minimum_sme_reviewers|minimum_test_records|minimum_distinct_environments|negative_path_tested"
P1,troubleshoot-mobile-vpn,Troubleshoot mobile VPN,Mobile Devices & MDM,under_review,under_review,false,22,false,,"diagnostic_tested|remediation_tested|rollback_or_irreversibility_confirmed|escalation_confirmed|time_validated|expected_result_confirmed|owner_signoff|authoritative_source_provenance|last_tested|minimum_peer_reviewers|minimum_sme_reviewers|minimum_test_records|minimum_distinct_environments|negative_path_tested"
P1,troubleshoot-multiple-monitor-arrangement-or-resolution,Troubleshoot multiple-monitor arrangement or resolution,Windows Endpoints,under_review,under_review,false,22,false,,"diagnostic_tested|remediation_tested|rollback_or_irreversibility_confirmed|escalation_confirmed|time_validated|expected_result_confirmed|owner_signoff|authoritative_source_provenance|last_tested|minimum_peer_reviewers|minimum_sme_reviewers|minimum_test_records|minimum_distinct_environments|negative_path_tested"
P1,troubleshoot-no-dial-tone-on-a-desk-phone,Troubleshoot no dial tone on a desk phone,"Voice, Telephony & Meeting Rooms",under_review,under_review,false,22,false,,"diagnostic_tested|remediation_tested|rollback_or_irreversibility_confirmed|escalation_confirmed|time_validated|expected_result_confirmed|owner_signoff|authoritative_source_provenance|last_tested|minimum_peer_reviewers|minimum_sme_reviewers|minimum_test_records|minimum_distinct_environments|negative_path_tested"
P1,troubleshoot-no-ethernet-connectivity,Troubleshoot no Ethernet connectivity,Network & Connectivity,under_review,under_review,false,22,false,,"diagnostic_tested|remediation_tested|rollback_or_irreversibility_confirmed|escalation_confirmed|time_validated|expected_result_confirmed|owner_signoff|authoritative_source_provenance|last_tested|minimum_peer_reviewers|minimum_sme_reviewers|minimum_test_records|minimum_distinct_environments|negative_path_tested"
P1,troubleshoot-no-wi-fi-connectivity,Troubleshoot no Wi-Fi connectivity,Network & Connectivity,under_review,under_review,false,22,false,,"diagnostic_tested|remediation_tested|rollback_or_irreversibility_confirmed|escalation_confirmed|time_validated|expected_result_confirmed|owner_signoff|authoritative_source_provenance|last_tested|minimum_peer_reviewers|minimum_sme_reviewers|minimum_test_records|minimum_distinct_environments|negative_path_tested"
P1,troubleshoot-offline-files-synchronisation,Troubleshoot Offline Files synchronisation,Windows Endpoints,under_review,under_review,false,22,false,,"diagnostic_tested|remediation_tested|rollback_or_irreversibility_confirmed|escalation_confirmed|time_validated|expected_result_confirmed|owner_signoff|authoritative_source_provenance|last_tested|minimum_peer_reviewers|minimum_sme_reviewers|minimum_test_records|minimum_distinct_environments|negative_path_tested"
P1,troubleshoot-one-way-audio,Troubleshoot one-way audio,"Voice, Telephony & Meeting Rooms",under_review,under_review,false,22,false,,"diagnostic_tested|remediation_tested|rollback_or_irreversibility_confirmed|escalation_confirmed|time_validated|expected_result_confirmed|owner_signoff|authoritative_source_provenance|last_tested|minimum_peer_reviewers|minimum_sme_reviewers|minimum_test_records|minimum_distinct_environments|negative_path_tested"
P1,troubleshoot-onedrive-synchronisation,Troubleshoot OneDrive synchronisation,Microsoft 365 & Collaboration,under_review,under_review,false,22,false,,"diagnostic_tested|remediation_tested|rollback_or_irreversibility_confirmed|escalation_confirmed|time_validated|expected_result_confirmed|owner_signoff|authoritative_source_provenance|last_tested|minimum_peer_reviewers|minimum_sme_reviewers|minimum_test_records|minimum_distinct_environments|negative_path_tested"
P1,troubleshoot-outlook-add-ins,Troubleshoot Outlook add-ins,Microsoft 365 & Collaboration,under_review,under_review,false,22,false,,"diagnostic_tested|remediation_tested|rollback_or_irreversibility_confirmed|escalation_confirmed|time_validated|expected_result_confirmed|owner_signoff|authoritative_source_provenance|last_tested|minimum_peer_reviewers|minimum_sme_reviewers|minimum_test_records|minimum_distinct_environments|negative_path_tested"
P1,troubleshoot-outlook-search,Troubleshoot Outlook search,Microsoft 365 & Collaboration,under_review,under_review,false,22,false,,"diagnostic_tested|remediation_tested|rollback_or_irreversibility_confirmed|escalation_confirmed|time_validated|expected_result_confirmed|owner_signoff|authoritative_source_provenance|last_tested|minimum_peer_reviewers|minimum_sme_reviewers|minimum_test_records|minimum_distinct_environments|negative_path_tested"
P1,troubleshoot-outlook-send-and-receive,Troubleshoot Outlook send and receive,Microsoft 365 & Collaboration,under_review,under_review,false,22,false,,"diagnostic_tested|remediation_tested|rollback_or_irreversibility_confirmed|escalation_confirmed|time_validated|expected_result_confirmed|owner_signoff|authoritative_source_provenance|last_tested|minimum_peer_reviewers|minimum_sme_reviewers|minimum_test_records|minimum_distinct_environments|negative_path_tested"
P1,troubleshoot-outlook-that-will-not-open,Troubleshoot Outlook that will not open,Microsoft 365 & Collaboration,under_review,under_review,false,22,false,,"diagnostic_tested|remediation_tested|rollback_or_irreversibility_confirmed|escalation_confirmed|time_validated|expected_result_confirmed|owner_signoff|authoritative_source_provenance|last_tested|minimum_peer_reviewers|minimum_sme_reviewers|minimum_test_records|minimum_distinct_environments|negative_path_tested"
P1,troubleshoot-pop-ups-required-by-a-business-application,Troubleshoot pop-ups required by a business application,Business Applications & Browsers,under_review,under_review,false,22,false,,"diagnostic_tested|remediation_tested|rollback_or_irreversibility_confirmed|escalation_confirmed|time_validated|expected_result_confirmed|owner_signoff|authoritative_source_provenance|last_tested|minimum_peer_reviewers|minimum_sme_reviewers|minimum_test_records|minimum_distinct_environments|negative_path_tested"
P1,troubleshoot-powerpoint-presentation-display,Troubleshoot PowerPoint presentation display,Microsoft 365 & Collaboration,under_review,under_review,false,22,false,,"diagnostic_tested|remediation_tested|rollback_or_irreversibility_confirmed|escalation_confirmed|time_validated|expected_result_confirmed|owner_signoff|authoritative_source_provenance|last_tested|minimum_peer_reviewers|minimum_sme_reviewers|minimum_test_records|minimum_distinct_environments|negative_path_tested"
P1,troubleshoot-printing-from-macos,Troubleshoot printing from macOS,macOS Endpoints,under_review,under_review,false,22,false,,"diagnostic_tested|remediation_tested|rollback_or_irreversibility_confirmed|escalation_confirmed|time_validated|expected_result_confirmed|owner_signoff|authoritative_source_provenance|last_tested|minimum_peer_reviewers|minimum_sme_reviewers|minimum_test_records|minimum_distinct_environments|negative_path_tested"
P1,troubleshoot-proxy-configuration,Troubleshoot proxy configuration,Network & Connectivity,under_review,under_review,false,22,false,,"diagnostic_tested|remediation_tested|rollback_or_irreversibility_confirmed|escalation_confirmed|time_validated|expected_result_confirmed|owner_signoff|authoritative_source_provenance|last_tested|minimum_peer_reviewers|minimum_sme_reviewers|minimum_test_records|minimum_distinct_environments|negative_path_tested"
P1,troubleshoot-recurring-outlook-credential-prompts,Troubleshoot recurring Outlook credential prompts,Microsoft 365 & Collaboration,under_review,under_review,false,22,false,,"diagnostic_tested|remediation_tested|rollback_or_irreversibility_confirmed|escalation_confirmed|time_validated|expected_result_confirmed|owner_signoff|authoritative_source_provenance|last_tested|minimum_peer_reviewers|minimum_sme_reviewers|minimum_test_records|minimum_distinct_environments|negative_path_tested"
P1,troubleshoot-remote-desktop-connection-failure,Troubleshoot Remote Desktop connection failure,Windows Endpoints,under_review,under_review,false,22,false,,"diagnostic_tested|remediation_tested|rollback_or_irreversibility_confirmed|escalation_confirmed|time_validated|expected_result_confirmed|owner_signoff|authoritative_source_provenance|last_tested|minimum_peer_reviewers|minimum_sme_reviewers|minimum_test_records|minimum_distinct_environments|negative_path_tested"
P1,troubleshoot-scan-to-email,Troubleshoot scan to email,Printing & Scanning,under_review,under_review,false,22,false,,"diagnostic_tested|remediation_tested|rollback_or_irreversibility_confirmed|escalation_confirmed|time_validated|expected_result_confirmed|owner_signoff|authoritative_source_provenance|last_tested|minimum_peer_reviewers|minimum_sme_reviewers|minimum_test_records|minimum_distinct_environments|negative_path_tested"
P1,troubleshoot-scan-to-network-folder,Troubleshoot scan to network folder,Printing & Scanning,under_review,under_review,false,22,false,,"diagnostic_tested|remediation_tested|rollback_or_irreversibility_confirmed|escalation_confirmed|time_validated|expected_result_confirmed|owner_signoff|authoritative_source_provenance|last_tested|minimum_peer_reviewers|minimum_sme_reviewers|minimum_test_records|minimum_distinct_environments|negative_path_tested"
P1,troubleshoot-secure-or-follow-me-printing,Troubleshoot secure or follow-me printing,Printing & Scanning,under_review,under_review,false,22,false,,"diagnostic_tested|remediation_tested|rollback_or_irreversibility_confirmed|escalation_confirmed|time_validated|expected_result_confirmed|owner_signoff|authoritative_source_provenance|last_tested|minimum_peer_reviewers|minimum_sme_reviewers|minimum_test_records|minimum_distinct_environments|negative_path_tested"
P1,troubleshoot-server-high-cpu,Troubleshoot server high CPU,Servers & Core Infrastructure,under_review,under_review,false,22,false,,"diagnostic_tested|remediation_tested|rollback_or_irreversibility_confirmed|escalation_confirmed|time_validated|expected_result_confirmed|owner_signoff|authoritative_source_provenance|last_tested|minimum_peer_reviewers|minimum_sme_reviewers|minimum_test_records|minimum_distinct_environments|negative_path_tested"
P1,troubleshoot-server-high-memory,Troubleshoot server high memory,Servers & Core Infrastructure,under_review,under_review,false,22,false,,"diagnostic_tested|remediation_tested|rollback_or_irreversibility_confirmed|escalation_confirmed|time_validated|expected_result_confirmed|owner_signoff|authoritative_source_provenance|last_tested|minimum_peer_reviewers|minimum_sme_reviewers|minimum_test_records|minimum_distinct_environments|negative_path_tested"
P1,troubleshoot-sharepoint-access,Troubleshoot SharePoint access,Microsoft 365 & Collaboration,under_review,under_review,false,22,false,,"diagnostic_tested|remediation_tested|rollback_or_irreversibility_confirmed|escalation_confirmed|time_validated|expected_result_confirmed|owner_signoff|authoritative_source_provenance|last_tested|minimum_peer_reviewers|minimum_sme_reviewers|minimum_test_records|minimum_distinct_environments|negative_path_tested"
P1,troubleshoot-sharepoint-document-synchronisation,Troubleshoot SharePoint document synchronisation,Microsoft 365 & Collaboration,under_review,under_review,false,22,false,,"diagnostic_tested|remediation_tested|rollback_or_irreversibility_confirmed|escalation_confirmed|time_validated|expected_result_confirmed|owner_signoff|authoritative_source_provenance|last_tested|minimum_peer_reviewers|minimum_sme_reviewers|minimum_test_records|minimum_distinct_environments|negative_path_tested"
P1,troubleshoot-sharepoint-external-sharing,Troubleshoot SharePoint external sharing,Microsoft 365 & Collaboration,under_review,under_review,false,22,false,,"diagnostic_tested|remediation_tested|rollback_or_irreversibility_confirmed|escalation_confirmed|time_validated|expected_result_confirmed|owner_signoff|authoritative_source_provenance|last_tested|minimum_peer_reviewers|minimum_sme_reviewers|minimum_test_records|minimum_distinct_environments|negative_path_tested"
P1,troubleshoot-single-sign-on-failure,Troubleshoot single sign-on failure,Identity & Access Management,under_review,under_review,false,22,false,,"diagnostic_tested|remediation_tested|rollback_or_irreversibility_confirmed|escalation_confirmed|time_validated|expected_result_confirmed|owner_signoff|authoritative_source_provenance|last_tested|minimum_peer_reviewers|minimum_sme_reviewers|minimum_test_records|minimum_distinct_environments|negative_path_tested"
P1,troubleshoot-slow-internet-access,Troubleshoot slow internet access,Network & Connectivity,under_review,under_review,false,22,false,,"diagnostic_tested|remediation_tested|rollback_or_irreversibility_confirmed|escalation_confirmed|time_validated|expected_result_confirmed|owner_signoff|authoritative_source_provenance|last_tested|minimum_peer_reviewers|minimum_sme_reviewers|minimum_test_records|minimum_distinct_environments|negative_path_tested"
P1,troubleshoot-slow-vpn-performance,Troubleshoot slow VPN performance,Network & Connectivity,under_review,under_review,false,22,false,,"diagnostic_tested|remediation_tested|rollback_or_irreversibility_confirmed|escalation_confirmed|time_validated|expected_result_confirmed|owner_signoff|authoritative_source_provenance|last_tested|minimum_peer_reviewers|minimum_sme_reviewers|minimum_test_records|minimum_distinct_environments|negative_path_tested"
P1,troubleshoot-split-tunnel-application-access,Troubleshoot split-tunnel application access,Network & Connectivity,under_review,under_review,false,22,false,,"diagnostic_tested|remediation_tested|rollback_or_irreversibility_confirmed|escalation_confirmed|time_validated|expected_result_confirmed|owner_signoff|authoritative_source_provenance|last_tested|minimum_peer_reviewers|minimum_sme_reviewers|minimum_test_records|minimum_distinct_environments|negative_path_tested"
P1,troubleshoot-ssh-access,Troubleshoot SSH access,Linux & Developer Workstations,under_review,under_review,false,22,false,,"diagnostic_tested|remediation_tested|rollback_or_irreversibility_confirmed|escalation_confirmed|time_validated|expected_result_confirmed|owner_signoff|authoritative_source_provenance|last_tested|minimum_peer_reviewers|minimum_sme_reviewers|minimum_test_records|minimum_distinct_environments|negative_path_tested"
P1,troubleshoot-teams-calling,Troubleshoot Teams calling,Microsoft 365 & Collaboration,under_review,under_review,false,22,false,,"diagnostic_tested|remediation_tested|rollback_or_irreversibility_confirmed|escalation_confirmed|time_validated|expected_result_confirmed|owner_signoff|authoritative_source_provenance|last_tested|minimum_peer_reviewers|minimum_sme_reviewers|minimum_test_records|minimum_distinct_environments|negative_path_tested"
P1,troubleshoot-teams-camera,Troubleshoot Teams camera,Microsoft 365 & Collaboration,under_review,under_review,false,22,false,,"diagnostic_tested|remediation_tested|rollback_or_irreversibility_confirmed|escalation_confirmed|time_validated|expected_result_confirmed|owner_signoff|authoritative_source_provenance|last_tested|minimum_peer_reviewers|minimum_sme_reviewers|minimum_test_records|minimum_distinct_environments|negative_path_tested"
P1,troubleshoot-teams-meeting-join-failure,Troubleshoot Teams meeting join failure,Microsoft 365 & Collaboration,under_review,under_review,false,22,false,,"diagnostic_tested|remediation_tested|rollback_or_irreversibility_confirmed|escalation_confirmed|time_validated|expected_result_confirmed|owner_signoff|authoritative_source_provenance|last_tested|minimum_peer_reviewers|minimum_sme_reviewers|minimum_test_records|minimum_distinct_environments|negative_path_tested"
P1,troubleshoot-teams-presence,Troubleshoot Teams presence,Microsoft 365 & Collaboration,under_review,under_review,false,22,false,,"diagnostic_tested|remediation_tested|rollback_or_irreversibility_confirmed|escalation_confirmed|time_validated|expected_result_confirmed|owner_signoff|authoritative_source_provenance|last_tested|minimum_peer_reviewers|minimum_sme_reviewers|minimum_test_records|minimum_distinct_environments|negative_path_tested"
P1,troubleshoot-teams-screen-sharing,Troubleshoot Teams screen sharing,Microsoft 365 & Collaboration,under_review,under_review,false,22,false,,"diagnostic_tested|remediation_tested|rollback_or_irreversibility_confirmed|escalation_confirmed|time_validated|expected_result_confirmed|owner_signoff|authoritative_source_provenance|last_tested|minimum_peer_reviewers|minimum_sme_reviewers|minimum_test_records|minimum_distinct_environments|negative_path_tested"
P1,troubleshoot-usb-storage-not-detected,Troubleshoot USB storage not detected,Windows Endpoints,under_review,under_review,false,22,false,,"diagnostic_tested|remediation_tested|rollback_or_irreversibility_confirmed|escalation_confirmed|time_validated|expected_result_confirmed|owner_signoff|authoritative_source_provenance|last_tested|minimum_peer_reviewers|minimum_sme_reviewers|minimum_test_records|minimum_distinct_environments|negative_path_tested"
P1,troubleshoot-vdi-multi-monitor-support,Troubleshoot VDI multi-monitor support,"Remote Access, VDI & DaaS",under_review,under_review,false,22,false,,"diagnostic_tested|remediation_tested|rollback_or_irreversibility_confirmed|escalation_confirmed|time_validated|expected_result_confirmed|owner_signoff|authoritative_source_provenance|last_tested|minimum_peer_reviewers|minimum_sme_reviewers|minimum_test_records|minimum_distinct_environments|negative_path_tested"
P1,troubleshoot-vdi-performance,Troubleshoot VDI performance,"Remote Access, VDI & DaaS",under_review,under_review,false,22,false,,"diagnostic_tested|remediation_tested|rollback_or_irreversibility_confirmed|escalation_confirmed|time_validated|expected_result_confirmed|owner_signoff|authoritative_source_provenance|last_tested|minimum_peer_reviewers|minimum_sme_reviewers|minimum_test_records|minimum_distinct_environments|negative_path_tested"
P1,troubleshoot-vdi-usb-redirection,Troubleshoot VDI USB redirection,"Remote Access, VDI & DaaS",under_review,under_review,false,22,false,,"diagnostic_tested|remediation_tested|rollback_or_irreversibility_confirmed|escalation_confirmed|time_validated|expected_result_confirmed|owner_signoff|authoritative_source_provenance|last_tested|minimum_peer_reviewers|minimum_sme_reviewers|minimum_test_records|minimum_distinct_environments|negative_path_tested"
P1,troubleshoot-voicemail-access,Troubleshoot voicemail access,"Voice, Telephony & Meeting Rooms",under_review,under_review,false,22,false,,"diagnostic_tested|remediation_tested|rollback_or_irreversibility_confirmed|escalation_confirmed|time_validated|expected_result_confirmed|owner_signoff|authoritative_source_provenance|last_tested|minimum_peer_reviewers|minimum_sme_reviewers|minimum_test_records|minimum_distinct_environments|negative_path_tested"
P1,troubleshoot-vpn-certificate-failure,Troubleshoot VPN certificate failure,Network & Connectivity,under_review,under_review,false,22,false,,"diagnostic_tested|remediation_tested|rollback_or_irreversibility_confirmed|escalation_confirmed|time_validated|expected_result_confirmed|owner_signoff|authoritative_source_provenance|last_tested|minimum_peer_reviewers|minimum_sme_reviewers|minimum_test_records|minimum_distinct_environments|negative_path_tested"
P1,troubleshoot-vpn-disconnections,Troubleshoot VPN disconnections,Network & Connectivity,under_review,under_review,false,22,false,,"diagnostic_tested|remediation_tested|rollback_or_irreversibility_confirmed|escalation_confirmed|time_validated|expected_result_confirmed|owner_signoff|authoritative_source_provenance|last_tested|minimum_peer_reviewers|minimum_sme_reviewers|minimum_test_records|minimum_distinct_environments|negative_path_tested"
P1,troubleshoot-windows-audio-output,Troubleshoot Windows audio output,Windows Endpoints,under_review,under_review,false,22,false,,"diagnostic_tested|remediation_tested|rollback_or_irreversibility_confirmed|escalation_confirmed|time_validated|expected_result_confirmed|owner_signoff|authoritative_source_provenance|last_tested|minimum_peer_reviewers|minimum_sme_reviewers|minimum_test_records|minimum_distinct_environments|negative_path_tested"
P1,troubleshoot-wsl,Troubleshoot WSL,Linux & Developer Workstations,under_review,under_review,false,22,false,,"diagnostic_tested|remediation_tested|rollback_or_irreversibility_confirmed|escalation_confirmed|time_validated|expected_result_confirmed|owner_signoff|authoritative_source_provenance|last_tested|minimum_peer_reviewers|minimum_sme_reviewers|minimum_test_records|minimum_distinct_environments|negative_path_tested"
P1,unlock-a-user-account,Unlock a user account,Identity & Access Management,under_review,under_review,false,22,false,,"diagnostic_tested|remediation_tested|rollback_or_irreversibility_confirmed|escalation_confirmed|time_validated|expected_result_confirmed|owner_signoff|authoritative_source_provenance|last_tested|minimum_peer_reviewers|minimum_sme_reviewers|minimum_test_records|minimum_distinct_environments|negative_path_tested"
P1,validate-a-backup-restore-request,Validate a backup restore request,"Data Protection, Backup & Recovery",under_review,under_review,false,22,false,,"diagnostic_tested|remediation_tested|rollback_or_irreversibility_confirmed|escalation_confirmed|time_validated|expected_result_confirmed|owner_signoff|authoritative_source_provenance|last_tested|minimum_peer_reviewers|minimum_sme_reviewers|minimum_test_records|minimum_distinct_environments|negative_path_tested"
P1,validate-accessories-issued-with-a-device,Validate accessories issued with a device,Lifecycle & Asset Management,under_review,under_review,false,22,false,,"diagnostic_tested|remediation_tested|rollback_or_irreversibility_confirmed|escalation_confirmed|time_validated|expected_result_confirmed|owner_signoff|authoritative_source_provenance|last_tested|minimum_peer_reviewers|minimum_sme_reviewers|minimum_test_records|minimum_distinct_environments|negative_path_tested"
P1,verify-data-after-a-migration,Verify data after a migration,"Data Protection, Backup & Recovery",under_review,under_review,false,22,false,,"diagnostic_tested|remediation_tested|rollback_or_irreversibility_confirmed|escalation_confirmed|time_validated|expected_result_confirmed|owner_signoff|authoritative_source_provenance|last_tested|minimum_peer_reviewers|minimum_sme_reviewers|minimum_test_records|minimum_distinct_environments|negative_path_tested"
P2,apply-an-approved-standard-configuration,Apply an approved standard configuration,Lifecycle & Asset Management,under_review,under_review,false,24,false,,"diagnostic_tested|remediation_tested|rollback_or_irreversibility_confirmed|escalation_confirmed|time_validated|expected_result_confirmed|owner_signoff|authoritative_source_provenance|last_tested|minimum_peer_reviewers|minimum_sme_reviewers|minimum_test_records|minimum_distinct_environments"
P2,assess-accidental-or-liquid-damage,Assess accidental or liquid damage,Hardware & Peripherals,under_review,under_review,false,24,false,,"diagnostic_tested|remediation_tested|rollback_or_irreversibility_confirmed|escalation_confirmed|time_validated|expected_result_confirmed|owner_signoff|authoritative_source_provenance|last_tested|minimum_peer_reviewers|minimum_sme_reviewers|minimum_test_records|minimum_distinct_environments"
P2,assess-business-impact-and-urgency,Assess business impact and urgency,Service Desk & ITSM,under_review,under_review,false,24,false,,"diagnostic_tested|remediation_tested|rollback_or_irreversibility_confirmed|escalation_confirmed|time_validated|expected_result_confirmed|owner_signoff|authoritative_source_provenance|last_tested|minimum_peer_reviewers|minimum_sme_reviewers|minimum_test_records|minimum_distinct_environments"
P2,assess-storage-drive-health,Assess storage drive health,Windows Endpoints,under_review,under_review,false,24,false,,"diagnostic_tested|remediation_tested|rollback_or_irreversibility_confirmed|escalation_confirmed|time_validated|expected_result_confirmed|owner_signoff|authoritative_source_provenance|last_tested|minimum_peer_reviewers|minimum_sme_reviewers|minimum_test_records|minimum_distinct_environments"
P2,assign-or-remove-a-microsoft-365-licence,Assign or remove a Microsoft 365 licence,Identity & Access Management,under_review,under_review,false,24,false,,"diagnostic_tested|remediation_tested|rollback_or_irreversibility_confirmed|escalation_confirmed|time_validated|expected_result_confirmed|owner_signoff|authoritative_source_provenance|last_tested|minimum_peer_reviewers|minimum_sme_reviewers|minimum_test_records|minimum_distinct_environments"
P2,audit-assigned-equipment,Audit assigned equipment,Lifecycle & Asset Management,under_review,under_review,false,24,false,,"diagnostic_tested|remediation_tested|rollback_or_irreversibility_confirmed|escalation_confirmed|time_validated|expected_result_confirmed|owner_signoff|authoritative_source_provenance|last_tested|minimum_peer_reviewers|minimum_sme_reviewers|minimum_test_records|minimum_distinct_environments"
P2,check-domain-controller-health,Check domain controller health,Servers & Core Infrastructure,under_review,under_review,false,24,false,,"diagnostic_tested|remediation_tested|rollback_or_irreversibility_confirmed|escalation_confirmed|time_validated|expected_result_confirmed|owner_signoff|authoritative_source_provenance|last_tested|minimum_peer_reviewers|minimum_sme_reviewers|minimum_test_records|minimum_distinct_environments"
P2,classify-incident-category-and-priority,Classify incident category and priority,Service Desk & ITSM,under_review,under_review,false,24,false,,"diagnostic_tested|remediation_tested|rollback_or_irreversibility_confirmed|escalation_confirmed|time_validated|expected_result_confirmed|owner_signoff|authoritative_source_provenance|last_tested|minimum_peer_reviewers|minimum_sme_reviewers|minimum_test_records|minimum_distinct_environments"
P2,clear-browser-cache-and-cookies-safely,Clear browser cache and cookies safely,Business Applications & Browsers,under_review,under_review,false,24,false,,"diagnostic_tested|remediation_tested|rollback_or_irreversibility_confirmed|escalation_confirmed|time_validated|expected_result_confirmed|owner_signoff|authoritative_source_provenance|last_tested|minimum_peer_reviewers|minimum_sme_reviewers|minimum_test_records|minimum_distinct_environments"
P2,collect-a-network-diagnostic-baseline,Collect a network diagnostic baseline,Network & Connectivity,under_review,under_review,false,24,false,,"diagnostic_tested|remediation_tested|rollback_or_irreversibility_confirmed|escalation_confirmed|time_validated|expected_result_confirmed|owner_signoff|authoritative_source_provenance|last_tested|minimum_peer_reviewers|minimum_sme_reviewers|minimum_test_records|minimum_distinct_environments"
P2,collect-a-windows-crash-dump,Collect a Windows crash dump,Windows Endpoints,under_review,under_review,false,24,false,,"diagnostic_tested|remediation_tested|rollback_or_irreversibility_confirmed|escalation_confirmed|time_validated|expected_result_confirmed|owner_signoff|authoritative_source_provenance|last_tested|minimum_peer_reviewers|minimum_sme_reviewers|minimum_test_records|minimum_distinct_environments"
P2,collect-business-application-logs,Collect business-application logs,Business Applications & Browsers,under_review,under_review,false,24,false,,"diagnostic_tested|remediation_tested|rollback_or_irreversibility_confirmed|escalation_confirmed|time_validated|expected_result_confirmed|owner_signoff|authoritative_source_provenance|last_tested|minimum_peer_reviewers|minimum_sme_reviewers|minimum_test_records|minimum_distinct_environments"
P2,collect-cloud-resource-diagnostics,Collect cloud resource diagnostics,Cloud & Virtualisation,under_review,under_review,false,24,false,,"diagnostic_tested|remediation_tested|rollback_or_irreversibility_confirmed|escalation_confirmed|time_validated|expected_result_confirmed|owner_signoff|authoritative_source_provenance|last_tested|minimum_peer_reviewers|minimum_sme_reviewers|minimum_test_records|minimum_distinct_environments"
P2,collect-macos-diagnostic-logs,Collect macOS diagnostic logs,macOS Endpoints,under_review,under_review,false,24,false,,"diagnostic_tested|remediation_tested|rollback_or_irreversibility_confirmed|escalation_confirmed|time_validated|expected_result_confirmed|owner_signoff|authoritative_source_provenance|last_tested|minimum_peer_reviewers|minimum_sme_reviewers|minimum_test_records|minimum_distinct_environments"
P2,collect-returned-equipment,Collect returned equipment,Lifecycle & Asset Management,under_review,under_review,false,24,false,,"diagnostic_tested|remediation_tested|rollback_or_irreversibility_confirmed|escalation_confirmed|time_validated|expected_result_confirmed|owner_signoff|authoritative_source_provenance|last_tested|minimum_peer_reviewers|minimum_sme_reviewers|minimum_test_records|minimum_distinct_environments"
P2,collect-server-logs-for-escalation,Collect server logs for escalation,Servers & Core Infrastructure,under_review,under_review,false,24,false,,"diagnostic_tested|remediation_tested|rollback_or_irreversibility_confirmed|escalation_confirmed|time_validated|expected_result_confirmed|owner_signoff|authoritative_source_provenance|last_tested|minimum_peer_reviewers|minimum_sme_reviewers|minimum_test_records|minimum_distinct_environments"
P2,collect-windows-event-logs-for-escalation,Collect Windows event logs for escalation,Windows Endpoints,under_review,under_review,false,24,false,,"diagnostic_tested|remediation_tested|rollback_or_irreversibility_confirmed|escalation_confirmed|time_validated|expected_result_confirmed|owner_signoff|authoritative_source_provenance|last_tested|minimum_peer_reviewers|minimum_sme_reviewers|minimum_test_records|minimum_distinct_environments"
P2,complete-a-post-incident-review,Complete a post-incident review,Service Desk & ITSM,under_review,under_review,false,24,false,,"diagnostic_tested|remediation_tested|rollback_or_irreversibility_confirmed|escalation_confirmed|time_validated|expected_result_confirmed|owner_signoff|authoritative_source_provenance|last_tested|minimum_peer_reviewers|minimum_sme_reviewers|minimum_test_records|minimum_distinct_environments"
P2,coordinate-an-approved-server-restart,Coordinate an approved server restart,Servers & Core Infrastructure,under_review,under_review,false,24,false,,"diagnostic_tested|remediation_tested|rollback_or_irreversibility_confirmed|escalation_confirmed|time_validated|expected_result_confirmed|owner_signoff|authoritative_source_provenance|last_tested|minimum_peer_reviewers|minimum_sme_reviewers|minimum_test_records|minimum_distinct_environments"
P2,correct-an-asset-inventory-mismatch,Correct an asset inventory mismatch,Lifecycle & Asset Management,under_review,under_review,false,24,false,,"diagnostic_tested|remediation_tested|rollback_or_irreversibility_confirmed|escalation_confirmed|time_validated|expected_result_confirmed|owner_signoff|authoritative_source_provenance|last_tested|minimum_peer_reviewers|minimum_sme_reviewers|minimum_test_records|minimum_distinct_environments"
P2,create-a-problem-record-from-recurring-incidents,Create a problem record from recurring incidents,Service Desk & ITSM,under_review,under_review,false,24,false,,"diagnostic_tested|remediation_tested|rollback_or_irreversibility_confirmed|escalation_confirmed|time_validated|expected_result_confirmed|owner_signoff|authoritative_source_provenance|last_tested|minimum_peer_reviewers|minimum_sme_reviewers|minimum_test_records|minimum_distinct_environments"
P2,create-or-update-a-knowledge-article,Create or update a knowledge article,Service Desk & ITSM,under_review,under_review,false,24,false,,"diagnostic_tested|remediation_tested|rollback_or_irreversibility_confirmed|escalation_confirmed|time_validated|expected_result_confirmed|owner_signoff|authoritative_source_provenance|last_tested|minimum_peer_reviewers|minimum_sme_reviewers|minimum_test_records|minimum_distinct_environments"
P2,dispose-of-equipment-through-an-approved-process,Dispose of equipment through an approved process,Lifecycle & Asset Management,under_review,under_review,false,24,false,,"diagnostic_tested|remediation_tested|rollback_or_irreversibility_confirmed|escalation_confirmed|time_validated|expected_result_confirmed|owner_signoff|authoritative_source_provenance|last_tested|minimum_peer_reviewers|minimum_sme_reviewers|minimum_test_records|minimum_distinct_environments"
P2,engage-a-third-party-vendor-for-support,Engage a third-party vendor for support,Service Desk & ITSM,under_review,under_review,false,24,false,,"diagnostic_tested|remediation_tested|rollback_or_irreversibility_confirmed|escalation_confirmed|time_validated|expected_result_confirmed|owner_signoff|authoritative_source_provenance|last_tested|minimum_peer_reviewers|minimum_sme_reviewers|minimum_test_records|minimum_distinct_environments"
P2,enrol-a-mac-into-mdm,Enrol a Mac into MDM,macOS Endpoints,under_review,under_review,false,24,false,,"diagnostic_tested|remediation_tested|rollback_or_irreversibility_confirmed|escalation_confirmed|time_validated|expected_result_confirmed|owner_signoff|authoritative_source_provenance|last_tested|minimum_peer_reviewers|minimum_sme_reviewers|minimum_test_records|minimum_distinct_environments"
P2,enrol-an-android-device-into-mdm,Enrol an Android device into MDM,Mobile Devices & MDM,under_review,under_review,false,24,false,,"diagnostic_tested|remediation_tested|rollback_or_irreversibility_confirmed|escalation_confirmed|time_validated|expected_result_confirmed|owner_signoff|authoritative_source_provenance|last_tested|minimum_peer_reviewers|minimum_sme_reviewers|minimum_test_records|minimum_distinct_environments"
P2,enrol-an-iphone-or-ipad-into-mdm,Enrol an iPhone or iPad into MDM,Mobile Devices & MDM,under_review,under_review,false,24,false,,"diagnostic_tested|remediation_tested|rollback_or_irreversibility_confirmed|escalation_confirmed|time_validated|expected_result_confirmed|owner_signoff|authoritative_source_provenance|last_tested|minimum_peer_reviewers|minimum_sme_reviewers|minimum_test_records|minimum_distinct_environments"
P2,escalate-a-cloud-quota-or-capacity-issue,Escalate a cloud quota or capacity issue,Cloud & Virtualisation,under_review,under_review,false,24,false,,"diagnostic_tested|remediation_tested|rollback_or_irreversibility_confirmed|escalation_confirmed|time_validated|expected_result_confirmed|owner_signoff|authoritative_source_provenance|last_tested|minimum_peer_reviewers|minimum_sme_reviewers|minimum_test_records|minimum_distinct_environments"
P2,escalate-an-incident-with-complete-evidence,Escalate an incident with complete evidence,Service Desk & ITSM,under_review,under_review,false,24,false,,"diagnostic_tested|remediation_tested|rollback_or_irreversibility_confirmed|escalation_confirmed|time_validated|expected_result_confirmed|owner_signoff|authoritative_source_provenance|last_tested|minimum_peer_reviewers|minimum_sme_reviewers|minimum_test_records|minimum_distinct_environments"
P2,grant-access-through-an-approved-request,Grant access through an approved request,Identity & Access Management,under_review,under_review,false,24,false,,"diagnostic_tested|remediation_tested|rollback_or_irreversibility_confirmed|escalation_confirmed|time_validated|expected_result_confirmed|owner_signoff|authoritative_source_provenance|last_tested|minimum_peer_reviewers|minimum_sme_reviewers|minimum_test_records|minimum_distinct_environments"
P2,grant-calendar-delegate-access,Grant calendar delegate access,Identity & Access Management,under_review,under_review,false,24,false,,"diagnostic_tested|remediation_tested|rollback_or_irreversibility_confirmed|escalation_confirmed|time_validated|expected_result_confirmed|owner_signoff|authoritative_source_provenance|last_tested|minimum_peer_reviewers|minimum_sme_reviewers|minimum_test_records|minimum_distinct_environments"
P2,handle-a-duplicate-incident,Handle a duplicate incident,Service Desk & ITSM,under_review,under_review,false,24,false,,"diagnostic_tested|remediation_tested|rollback_or_irreversibility_confirmed|escalation_confirmed|time_validated|expected_result_confirmed|owner_signoff|authoritative_source_provenance|last_tested|minimum_peer_reviewers|minimum_sme_reviewers|minimum_test_records|minimum_distinct_environments"
P2,investigate-an-overheating-windows-device,Investigate an overheating Windows device,Windows Endpoints,under_review,under_review,false,24,false,,"diagnostic_tested|remediation_tested|rollback_or_irreversibility_confirmed|escalation_confirmed|time_validated|expected_result_confirmed|owner_signoff|authoritative_source_provenance|last_tested|minimum_peer_reviewers|minimum_sme_reviewers|minimum_test_records|minimum_distinct_environments"
P2,investigate-unusual-fan-noise,Investigate unusual fan noise,Hardware & Peripherals,under_review,under_review,false,24,false,,"diagnostic_tested|remediation_tested|rollback_or_irreversibility_confirmed|escalation_confirmed|time_validated|expected_result_confirmed|owner_signoff|authoritative_source_provenance|last_tested|minimum_peer_reviewers|minimum_sme_reviewers|minimum_test_records|minimum_distinct_environments"
P2,isolate-an-endpoint-through-approved-edr-controls,Isolate an endpoint through approved EDR controls,Security & Compliance,under_review,under_review,false,24,false,,"diagnostic_tested|remediation_tested|rollback_or_irreversibility_confirmed|escalation_confirmed|time_validated|expected_result_confirmed|owner_signoff|authoritative_source_provenance|last_tested|minimum_peer_reviewers|minimum_sme_reviewers|minimum_test_records|minimum_distinct_environments"
P2,issue-and-track-a-loan-device,Issue and track a loan device,Hardware & Peripherals,under_review,under_review,false,24,false,,"diagnostic_tested|remediation_tested|rollback_or_irreversibility_confirmed|escalation_confirmed|time_validated|expected_result_confirmed|owner_signoff|authoritative_source_provenance|last_tested|minimum_peer_reviewers|minimum_sme_reviewers|minimum_test_records|minimum_distinct_environments"
P2,join-a-windows-device-to-the-corporate-directory,Join a Windows device to the corporate directory,Windows Endpoints,under_review,under_review,false,24,false,,"diagnostic_tested|remediation_tested|rollback_or_irreversibility_confirmed|escalation_confirmed|time_validated|expected_result_confirmed|owner_signoff|authoritative_source_provenance|last_tested|minimum_peer_reviewers|minimum_sme_reviewers|minimum_test_records|minimum_distinct_environments"
P2,link-an-incident-to-a-recent-change,Link an incident to a recent change,Service Desk & ITSM,under_review,under_review,false,24,false,,"diagnostic_tested|remediation_tested|rollback_or_irreversibility_confirmed|escalation_confirmed|time_validated|expected_result_confirmed|owner_signoff|authoritative_source_provenance|last_tested|minimum_peer_reviewers|minimum_sme_reviewers|minimum_test_records|minimum_distinct_environments"
P2,manage-a-distribution-group-membership-request,Manage a distribution group membership request,Identity & Access Management,under_review,under_review,false,24,false,,"diagnostic_tested|remediation_tested|rollback_or_irreversibility_confirmed|escalation_confirmed|time_validated|expected_result_confirmed|owner_signoff|authoritative_source_provenance|last_tested|minimum_peer_reviewers|minimum_sme_reviewers|minimum_test_records|minimum_distinct_environments"
P2,manage-an-sla-breach-risk,Manage an SLA breach risk,Service Desk & ITSM,under_review,under_review,false,24,false,,"diagnostic_tested|remediation_tested|rollback_or_irreversibility_confirmed|escalation_confirmed|time_validated|expected_result_confirmed|owner_signoff|authoritative_source_provenance|last_tested|minimum_peer_reviewers|minimum_sme_reviewers|minimum_test_records|minimum_distinct_environments"
P2,migrate-an-authenticator-to-a-replacement-phone,Migrate an authenticator to a replacement phone,Mobile Devices & MDM,under_review,under_review,false,24,false,,"diagnostic_tested|remediation_tested|rollback_or_irreversibility_confirmed|escalation_confirmed|time_validated|expected_result_confirmed|owner_signoff|authoritative_source_provenance|last_tested|minimum_peer_reviewers|minimum_sme_reviewers|minimum_test_records|minimum_distinct_environments"
P2,migrate-user-data-to-a-replacement-device,Migrate user data to a replacement device,"Data Protection, Backup & Recovery",under_review,under_review,false,24,false,,"diagnostic_tested|remediation_tested|rollback_or_irreversibility_confirmed|escalation_confirmed|time_validated|expected_result_confirmed|owner_signoff|authoritative_source_provenance|last_tested|minimum_peer_reviewers|minimum_sme_reviewers|minimum_test_records|minimum_distinct_environments"
P2,offboard-and-recover-a-departing-employee-device,Offboard and recover a departing employee device,Lifecycle & Asset Management,under_review,under_review,false,24,false,,"diagnostic_tested|remediation_tested|rollback_or_irreversibility_confirmed|escalation_confirmed|time_validated|expected_result_confirmed|owner_signoff|authoritative_source_provenance|last_tested|minimum_peer_reviewers|minimum_sme_reviewers|minimum_test_records|minimum_distinct_environments"
P2,onboard-a-new-employee-device,Onboard a new employee device,Lifecycle & Asset Management,under_review,under_review,false,24,false,,"diagnostic_tested|remediation_tested|rollback_or_irreversibility_confirmed|escalation_confirmed|time_validated|expected_result_confirmed|owner_signoff|authoritative_source_provenance|last_tested|minimum_peer_reviewers|minimum_sme_reviewers|minimum_test_records|minimum_distinct_environments"
P2,perform-a-desk-move,Perform a desk move,Lifecycle & Asset Management,under_review,under_review,false,24,false,,"diagnostic_tested|remediation_tested|rollback_or_irreversibility_confirmed|escalation_confirmed|time_validated|expected_result_confirmed|owner_signoff|authoritative_source_provenance|last_tested|minimum_peer_reviewers|minimum_sme_reviewers|minimum_test_records|minimum_distinct_environments"
P2,perform-a-device-health-check,Perform a device health check,Lifecycle & Asset Management,under_review,under_review,false,24,false,,"diagnostic_tested|remediation_tested|rollback_or_irreversibility_confirmed|escalation_confirmed|time_validated|expected_result_confirmed|owner_signoff|authoritative_source_provenance|last_tested|minimum_peer_reviewers|minimum_sme_reviewers|minimum_test_records|minimum_distinct_environments"
P2,perform-an-office-equipment-relocation,Perform an office equipment relocation,Lifecycle & Asset Management,under_review,under_review,false,24,false,,"diagnostic_tested|remediation_tested|rollback_or_irreversibility_confirmed|escalation_confirmed|time_validated|expected_result_confirmed|owner_signoff|authoritative_source_provenance|last_tested|minimum_peer_reviewers|minimum_sme_reviewers|minimum_test_records|minimum_distinct_environments"
P2,perform-initial-incident-triage,Perform initial incident triage,Service Desk & ITSM,under_review,under_review,false,24,false,,"diagnostic_tested|remediation_tested|rollback_or_irreversibility_confirmed|escalation_confirmed|time_validated|expected_result_confirmed|owner_signoff|authoritative_source_provenance|last_tested|minimum_peer_reviewers|minimum_sme_reviewers|minimum_test_records|minimum_distinct_environments"
P2,perform-shift-handover-for-open-incidents,Perform shift handover for open incidents,Service Desk & ITSM,under_review,under_review,false,24,false,,"diagnostic_tested|remediation_tested|rollback_or_irreversibility_confirmed|escalation_confirmed|time_validated|expected_result_confirmed|owner_signoff|authoritative_source_provenance|last_tested|minimum_peer_reviewers|minimum_sme_reviewers|minimum_test_records|minimum_distinct_environments"
P2,prepare-a-device-for-reassignment,Prepare a device for reassignment,Lifecycle & Asset Management,under_review,under_review,false,24,false,,"diagnostic_tested|remediation_tested|rollback_or_irreversibility_confirmed|escalation_confirmed|time_validated|expected_result_confirmed|owner_signoff|authoritative_source_provenance|last_tested|minimum_peer_reviewers|minimum_sme_reviewers|minimum_test_records|minimum_distinct_environments"
P2,prepare-a-device-for-warranty-repair,Prepare a device for warranty repair,Hardware & Peripherals,under_review,under_review,false,24,false,,"diagnostic_tested|remediation_tested|rollback_or_irreversibility_confirmed|escalation_confirmed|time_validated|expected_result_confirmed|owner_signoff|authoritative_source_provenance|last_tested|minimum_peer_reviewers|minimum_sme_reviewers|minimum_test_records|minimum_distinct_environments"
P2,prepare-a-standard-corporate-workstation,Prepare a standard corporate workstation,Lifecycle & Asset Management,under_review,under_review,false,24,false,,"diagnostic_tested|remediation_tested|rollback_or_irreversibility_confirmed|escalation_confirmed|time_validated|expected_result_confirmed|owner_signoff|authoritative_source_provenance|last_tested|minimum_peer_reviewers|minimum_sme_reviewers|minimum_test_records|minimum_distinct_environments"
P2,prepare-and-validate-a-high-priority-video-conference,Prepare and validate a high-priority video conference,"Voice, Telephony & Meeting Rooms",under_review,under_review,false,24,false,,"diagnostic_tested|remediation_tested|rollback_or_irreversibility_confirmed|escalation_confirmed|time_validated|expected_result_confirmed|owner_signoff|authoritative_source_provenance|last_tested|minimum_peer_reviewers|minimum_sme_reviewers|minimum_test_records|minimum_distinct_environments"
P2,preserve-chain-of-custody-for-a-device,Preserve chain of custody for a device,Security & Compliance,under_review,under_review,false,24,false,,"diagnostic_tested|remediation_tested|rollback_or_irreversibility_confirmed|escalation_confirmed|time_validated|expected_result_confirmed|owner_signoff|authoritative_source_provenance|last_tested|minimum_peer_reviewers|minimum_sme_reviewers|minimum_test_records|minimum_distinct_environments"
P2,process-a-hardware-request,Process a hardware request,Lifecycle & Asset Management,under_review,under_review,false,24,false,,"diagnostic_tested|remediation_tested|rollback_or_irreversibility_confirmed|escalation_confirmed|time_validated|expected_result_confirmed|owner_signoff|authoritative_source_provenance|last_tested|minimum_peer_reviewers|minimum_sme_reviewers|minimum_test_records|minimum_distinct_environments"
P2,process-a-software-installation-request,Process a software installation request,Lifecycle & Asset Management,under_review,under_review,false,24,false,,"diagnostic_tested|remediation_tested|rollback_or_irreversibility_confirmed|escalation_confirmed|time_validated|expected_result_confirmed|owner_signoff|authoritative_source_provenance|last_tested|minimum_peer_reviewers|minimum_sme_reviewers|minimum_test_records|minimum_distinct_environments"
P2,process-a-standard-service-request,Process a standard service request,Service Desk & ITSM,under_review,under_review,false,24,false,,"diagnostic_tested|remediation_tested|rollback_or_irreversibility_confirmed|escalation_confirmed|time_validated|expected_result_confirmed|owner_signoff|authoritative_source_provenance|last_tested|minimum_peer_reviewers|minimum_sme_reviewers|minimum_test_records|minimum_distinct_environments"
P2,process-a-vendor-rma,Process a vendor RMA,Hardware & Peripherals,under_review,under_review,false,24,false,,"diagnostic_tested|remediation_tested|rollback_or_irreversibility_confirmed|escalation_confirmed|time_validated|expected_result_confirmed|owner_signoff|authoritative_source_provenance|last_tested|minimum_peer_reviewers|minimum_sme_reviewers|minimum_test_records|minimum_distinct_environments"
P2,provide-secure-remote-support,Provide secure remote support,Service Desk & ITSM,under_review,under_review,false,24,false,,"diagnostic_tested|remediation_tested|rollback_or_irreversibility_confirmed|escalation_confirmed|time_validated|expected_result_confirmed|owner_signoff|authoritative_source_provenance|last_tested|minimum_peer_reviewers|minimum_sme_reviewers|minimum_test_records|minimum_distinct_environments"
P2,provide-secure-remote-support-to-macos,Provide secure remote support to macOS,macOS Endpoints,under_review,under_review,false,24,false,,"diagnostic_tested|remediation_tested|rollback_or_irreversibility_confirmed|escalation_confirmed|time_validated|expected_result_confirmed|owner_signoff|authoritative_source_provenance|last_tested|minimum_peer_reviewers|minimum_sme_reviewers|minimum_test_records|minimum_distinct_environments"
P2,record-a-new-asset-in-inventory,Record a new asset in inventory,Lifecycle & Asset Management,under_review,under_review,false,24,false,,"diagnostic_tested|remediation_tested|rollback_or_irreversibility_confirmed|escalation_confirmed|time_validated|expected_result_confirmed|owner_signoff|authoritative_source_provenance|last_tested|minimum_peer_reviewers|minimum_sme_reviewers|minimum_test_records|minimum_distinct_environments"
P2,recover-a-frozen-citrix-session,Recover a frozen Citrix session,"Remote Access, VDI & DaaS",under_review,under_review,false,24,false,,"diagnostic_tested|remediation_tested|rollback_or_irreversibility_confirmed|escalation_confirmed|time_validated|expected_result_confirmed|owner_signoff|authoritative_source_provenance|last_tested|minimum_peer_reviewers|minimum_sme_reviewers|minimum_test_records|minimum_distinct_environments"
P2,recover-a-frozen-or-unresponsive-windows-session,Recover a frozen or unresponsive Windows session,Windows Endpoints,under_review,under_review,false,24,false,,"diagnostic_tested|remediation_tested|rollback_or_irreversibility_confirmed|escalation_confirmed|time_validated|expected_result_confirmed|owner_signoff|authoritative_source_provenance|last_tested|minimum_peer_reviewers|minimum_sme_reviewers|minimum_test_records|minimum_distinct_environments"
P2,recover-accidentally-deleted-local-files,Recover accidentally deleted local files,Windows Endpoints,under_review,under_review,false,24,false,,"diagnostic_tested|remediation_tested|rollback_or_irreversibility_confirmed|escalation_confirmed|time_validated|expected_result_confirmed|owner_signoff|authoritative_source_provenance|last_tested|minimum_peer_reviewers|minimum_sme_reviewers|minimum_test_records|minimum_distinct_environments"
P2,recover-mobile-access-after-a-forgotten-passcode,Recover mobile access after a forgotten passcode,Mobile Devices & MDM,under_review,under_review,false,24,false,,"diagnostic_tested|remediation_tested|rollback_or_irreversibility_confirmed|escalation_confirmed|time_validated|expected_result_confirmed|owner_signoff|authoritative_source_provenance|last_tested|minimum_peer_reviewers|minimum_sme_reviewers|minimum_test_records|minimum_distinct_environments"
P2,reimage-a-managed-windows-device,Reimage a managed Windows device,Windows Endpoints,under_review,under_review,false,24,false,,"diagnostic_tested|remediation_tested|rollback_or_irreversibility_confirmed|escalation_confirmed|time_validated|expected_result_confirmed|owner_signoff|authoritative_source_provenance|last_tested|minimum_peer_reviewers|minimum_sme_reviewers|minimum_test_records|minimum_distinct_environments"
P2,remove-corporate-data-from-a-personal-device,Remove corporate data from a personal device,Mobile Devices & MDM,under_review,under_review,false,24,false,,"diagnostic_tested|remediation_tested|rollback_or_irreversibility_confirmed|escalation_confirmed|time_validated|expected_result_confirmed|owner_signoff|authoritative_source_provenance|last_tested|minimum_peer_reviewers|minimum_sme_reviewers|minimum_test_records|minimum_distinct_environments"
P2,remove-inappropriate-or-expired-access,Remove inappropriate or expired access,Identity & Access Management,under_review,under_review,false,24,false,,"diagnostic_tested|remediation_tested|rollback_or_irreversibility_confirmed|escalation_confirmed|time_validated|expected_result_confirmed|owner_signoff|authoritative_source_provenance|last_tested|minimum_peer_reviewers|minimum_sme_reviewers|minimum_test_records|minimum_distinct_environments"
P2,rename-a-corporate-windows-device,Rename a corporate Windows device,Windows Endpoints,under_review,under_review,false,24,false,,"diagnostic_tested|remediation_tested|rollback_or_irreversibility_confirmed|escalation_confirmed|time_validated|expected_result_confirmed|owner_signoff|authoritative_source_provenance|last_tested|minimum_peer_reviewers|minimum_sme_reviewers|minimum_test_records|minimum_distinct_environments"
P2,replace-a-device-at-end-of-life,Replace a device at end of life,Lifecycle & Asset Management,under_review,under_review,false,24,false,,"diagnostic_tested|remediation_tested|rollback_or_irreversibility_confirmed|escalation_confirmed|time_validated|expected_result_confirmed|owner_signoff|authoritative_source_provenance|last_tested|minimum_peer_reviewers|minimum_sme_reviewers|minimum_test_records|minimum_distinct_environments"
P2,replace-a-lost-or-changed-authenticator-device,Replace a lost or changed authenticator device,Identity & Access Management,under_review,under_review,false,24,false,,"diagnostic_tested|remediation_tested|rollback_or_irreversibility_confirmed|escalation_confirmed|time_validated|expected_result_confirmed|owner_signoff|authoritative_source_provenance|last_tested|minimum_peer_reviewers|minimum_sme_reviewers|minimum_test_records|minimum_distinct_environments"
P2,report-a-suspected-social-engineering-call,Report a suspected social-engineering call,Security & Compliance,under_review,under_review,false,24,false,,"diagnostic_tested|remediation_tested|rollback_or_irreversibility_confirmed|escalation_confirmed|time_validated|expected_result_confirmed|owner_signoff|authoritative_source_provenance|last_tested|minimum_peer_reviewers|minimum_sme_reviewers|minimum_test_records|minimum_distinct_environments"
P2,reset-approved-access-to-an-azure-virtual-machine,Reset approved access to an Azure virtual machine,Cloud & Virtualisation,under_review,under_review,false,24,false,,"diagnostic_tested|remediation_tested|rollback_or_irreversibility_confirmed|escalation_confirmed|time_validated|expected_result_confirmed|owner_signoff|authoritative_source_provenance|last_tested|minimum_peer_reviewers|minimum_sme_reviewers|minimum_test_records|minimum_distinct_environments"
P2,resolve-a-full-mailbox,Resolve a full mailbox,Microsoft 365 & Collaboration,under_review,under_review,false,24,false,,"diagnostic_tested|remediation_tested|rollback_or_irreversibility_confirmed|escalation_confirmed|time_validated|expected_result_confirmed|owner_signoff|authoritative_source_provenance|last_tested|minimum_peer_reviewers|minimum_sme_reviewers|minimum_test_records|minimum_distinct_environments"
P2,resolve-a-google-workspace-storage-quota-issue,Resolve a Google Workspace storage quota issue,Google Workspace & Web Collaboration,under_review,under_review,false,24,false,,"diagnostic_tested|remediation_tested|rollback_or_irreversibility_confirmed|escalation_confirmed|time_validated|expected_result_confirmed|owner_signoff|authoritative_source_provenance|last_tested|minimum_peer_reviewers|minimum_sme_reviewers|minimum_test_records|minimum_distinct_environments"
P2,resolve-a-missing-dll-or-runtime-dependency,Resolve a missing DLL or runtime dependency,Windows Endpoints,under_review,under_review,false,24,false,,"diagnostic_tested|remediation_tested|rollback_or_irreversibility_confirmed|escalation_confirmed|time_validated|expected_result_confirmed|owner_signoff|authoritative_source_provenance|last_tested|minimum_peer_reviewers|minimum_sme_reviewers|minimum_test_records|minimum_distinct_environments"
P2,resolve-a-paper-jam-safely,Resolve a paper jam safely,Printing & Scanning,under_review,under_review,false,24,false,,"diagnostic_tested|remediation_tested|rollback_or_irreversibility_confirmed|escalation_confirmed|time_validated|expected_result_confirmed|owner_signoff|authoritative_source_provenance|last_tested|minimum_peer_reviewers|minimum_sme_reviewers|minimum_test_records|minimum_distinct_environments"
P2,resolve-a-remote-desktop-black-screen,Resolve a Remote Desktop black screen,Windows Endpoints,under_review,under_review,false,24,false,,"diagnostic_tested|remediation_tested|rollback_or_irreversibility_confirmed|escalation_confirmed|time_validated|expected_result_confirmed|owner_signoff|authoritative_source_provenance|last_tested|minimum_peer_reviewers|minimum_sme_reviewers|minimum_test_records|minimum_distinct_environments"
P2,teams-microphone-not-working,Resolve a Teams microphone not working,Microsoft 365 & Collaboration,verified,revalidation_required,false,18,false,,"diagnostic_tested|remediation_tested|rollback_or_irreversibility_confirmed|escalation_confirmed|time_validated|expected_result_confirmed|owner_signoff|authoritative_source_provenance|tested_platforms|last_tested|minimum_peer_reviewers|minimum_sme_reviewers|minimum_test_records|minimum_distinct_environments"
P2,general-workstation-triage,Resolve a vague or multi-component workstation issue,Windows Endpoints,verified,revalidation_required,false,18,false,,"diagnostic_tested|remediation_tested|rollback_or_irreversibility_confirmed|escalation_confirmed|time_validated|expected_result_confirmed|owner_signoff|authoritative_source_provenance|tested_platforms|last_tested|minimum_peer_reviewers|minimum_sme_reviewers|minimum_test_records|minimum_distinct_environments"
P2,resolve-an-azure-virtual-desktop-black-screen,Resolve an Azure Virtual Desktop black screen,"Remote Access, VDI & DaaS",under_review,under_review,false,24,false,,"diagnostic_tested|remediation_tested|rollback_or_irreversibility_confirmed|escalation_confirmed|time_validated|expected_result_confirmed|owner_signoff|authoritative_source_provenance|last_tested|minimum_peer_reviewers|minimum_sme_reviewers|minimum_test_records|minimum_distinct_environments"
P2,slow-windows-pc,Resolve an unusually slow Windows PC,Windows Endpoints,verified,revalidation_required,false,18,false,,"diagnostic_tested|remediation_tested|rollback_or_irreversibility_confirmed|escalation_confirmed|time_validated|expected_result_confirmed|owner_signoff|authoritative_source_provenance|tested_platforms|last_tested|minimum_peer_reviewers|minimum_sme_reviewers|minimum_test_records|minimum_distinct_environments"
P2,resolve-low-virtualisation-datastore-capacity,Resolve low virtualisation datastore capacity,Cloud & Virtualisation,under_review,under_review,false,24,false,,"diagnostic_tested|remediation_tested|rollback_or_irreversibility_confirmed|escalation_confirmed|time_validated|expected_result_confirmed|owner_signoff|authoritative_source_provenance|last_tested|minimum_peer_reviewers|minimum_sme_reviewers|minimum_test_records|minimum_distinct_environments"
P2,no-network-docking-station,Resolve no network on a docking station,Network & Connectivity,verified,revalidation_required,false,18,false,,"diagnostic_tested|remediation_tested|rollback_or_irreversibility_confirmed|escalation_confirmed|time_validated|expected_result_confirmed|owner_signoff|authoritative_source_provenance|tested_platforms|last_tested|minimum_peer_reviewers|minimum_sme_reviewers|minimum_test_records|minimum_distinct_environments"
P2,outlook-crashes,Resolve Outlook crashes or failure to open,Microsoft 365 & Collaboration,verified,revalidation_required,false,18,false,,"diagnostic_tested|remediation_tested|rollback_or_irreversibility_confirmed|escalation_confirmed|time_validated|expected_result_confirmed|owner_signoff|authoritative_source_provenance|tested_platforms|last_tested|minimum_peer_reviewers|minimum_sme_reviewers|minimum_test_records|minimum_distinct_environments"
P2,respond-to-an-impossible-travel-alert,Respond to an impossible-travel alert,Security & Compliance,under_review,under_review,false,24,false,,"diagnostic_tested|remediation_tested|rollback_or_irreversibility_confirmed|escalation_confirmed|time_validated|expected_result_confirmed|owner_signoff|authoritative_source_provenance|last_tested|minimum_peer_reviewers|minimum_sme_reviewers|minimum_test_records|minimum_distinct_environments"
P2,restore-a-disabled-user-account,Restore a disabled user account,Identity & Access Management,under_review,under_review,false,24,false,,"diagnostic_tested|remediation_tested|rollback_or_irreversibility_confirmed|escalation_confirmed|time_validated|expected_result_confirmed|owner_signoff|authoritative_source_provenance|last_tested|minimum_peer_reviewers|minimum_sme_reviewers|minimum_test_records|minimum_distinct_environments"
P2,restore-an-accidentally-deleted-file,Restore an accidentally deleted file,"Data Protection, Backup & Recovery",under_review,under_review,false,24,false,,"diagnostic_tested|remediation_tested|rollback_or_irreversibility_confirmed|escalation_confirmed|time_validated|expected_result_confirmed|owner_signoff|authoritative_source_provenance|last_tested|minimum_peer_reviewers|minimum_sme_reviewers|minimum_test_records|minimum_distinct_environments"
P2,review-and-remove-stale-vm-snapshots-safely,Review and remove stale VM snapshots safely,Cloud & Virtualisation,under_review,under_review,false,24,false,,"diagnostic_tested|remediation_tested|rollback_or_irreversibility_confirmed|escalation_confirmed|time_validated|expected_result_confirmed|owner_signoff|authoritative_source_provenance|last_tested|minimum_peer_reviewers|minimum_sme_reviewers|minimum_test_records|minimum_distinct_environments"
P2,rollback-a-problematic-device-driver,Rollback a problematic device driver,Windows Endpoints,under_review,under_review,false,24,false,,"diagnostic_tested|remediation_tested|rollback_or_irreversibility_confirmed|escalation_confirmed|time_validated|expected_result_confirmed|owner_signoff|authoritative_source_provenance|last_tested|minimum_peer_reviewers|minimum_sme_reviewers|minimum_test_records|minimum_distinct_environments"
P2,securely-collect-logs-for-the-security-team,Securely collect logs for the security team,Security & Compliance,under_review,under_review,false,24,false,,"diagnostic_tested|remediation_tested|rollback_or_irreversibility_confirmed|escalation_confirmed|time_validated|expected_result_confirmed|owner_signoff|authoritative_source_provenance|last_tested|minimum_peer_reviewers|minimum_sme_reviewers|minimum_test_records|minimum_distinct_environments"
P2,securely-transfer-large-business-files,Securely transfer large business files,"Data Protection, Backup & Recovery",under_review,under_review,false,24,false,,"diagnostic_tested|remediation_tested|rollback_or_irreversibility_confirmed|escalation_confirmed|time_validated|expected_result_confirmed|owner_signoff|authoritative_source_provenance|last_tested|minimum_peer_reviewers|minimum_sme_reviewers|minimum_test_records|minimum_distinct_environments"
P2,securely-wipe-a-retired-device,Securely wipe a retired device,Lifecycle & Asset Management,under_review,under_review,false,24,false,,"diagnostic_tested|remediation_tested|rollback_or_irreversibility_confirmed|escalation_confirmed|time_validated|expected_result_confirmed|owner_signoff|authoritative_source_provenance|last_tested|minimum_peer_reviewers|minimum_sme_reviewers|minimum_test_records|minimum_distinct_environments"
P2,support-a-vip-or-executive-user,Support a VIP or executive user,Service Desk & ITSM,under_review,under_review,false,24,false,,"diagnostic_tested|remediation_tested|rollback_or_irreversibility_confirmed|escalation_confirmed|time_validated|expected_result_confirmed|owner_signoff|authoritative_source_provenance|last_tested|minimum_peer_reviewers|minimum_sme_reviewers|minimum_test_records|minimum_distinct_environments"
P2,triage-a-home-network-remote-work-issue,Triage a home-network remote-work issue,"Remote Access, VDI & DaaS",under_review,under_review,false,24,false,,"diagnostic_tested|remediation_tested|rollback_or_irreversibility_confirmed|escalation_confirmed|time_validated|expected_result_confirmed|owner_signoff|authoritative_source_provenance|last_tested|minimum_peer_reviewers|minimum_sme_reviewers|minimum_test_records|minimum_distinct_environments"
P2,triage-a-switch-port-issue,Triage a switch-port issue,Network & Connectivity,under_review,under_review,false,24,false,,"diagnostic_tested|remediation_tested|rollback_or_irreversibility_confirmed|escalation_confirmed|time_validated|expected_result_confirmed|owner_signoff|authoritative_source_provenance|last_tested|minimum_peer_reviewers|minimum_sme_reviewers|minimum_test_records|minimum_distinct_environments"
P2,triage-a-vlan-assignment-issue,Triage a VLAN assignment issue,Network & Connectivity,under_review,under_review,false,24,false,,"diagnostic_tested|remediation_tested|rollback_or_irreversibility_confirmed|escalation_confirmed|time_validated|expected_result_confirmed|owner_signoff|authoritative_source_provenance|last_tested|minimum_peer_reviewers|minimum_sme_reviewers|minimum_test_records|minimum_distinct_environments"
P2,triage-a-web-server-http-500-error,Triage a web server HTTP 500 error,Servers & Core Infrastructure,under_review,under_review,false,24,false,,"diagnostic_tested|remediation_tested|rollback_or_irreversibility_confirmed|escalation_confirmed|time_validated|expected_result_confirmed|owner_signoff|authoritative_source_provenance|last_tested|minimum_peer_reviewers|minimum_sme_reviewers|minimum_test_records|minimum_distinct_environments"
P2,triage-a-web-server-http-503-error,Triage a web server HTTP 503 error,Servers & Core Infrastructure,under_review,under_review,false,24,false,,"diagnostic_tested|remediation_tested|rollback_or_irreversibility_confirmed|escalation_confirmed|time_validated|expected_result_confirmed|owner_signoff|authoritative_source_provenance|last_tested|minimum_peer_reviewers|minimum_sme_reviewers|minimum_test_records|minimum_distinct_environments"
P2,troubleshoot-a-browser-extension-conflict,Troubleshoot a browser extension conflict,Business Applications & Browsers,under_review,under_review,false,24,false,,"diagnostic_tested|remediation_tested|rollback_or_irreversibility_confirmed|escalation_confirmed|time_validated|expected_result_confirmed|owner_signoff|authoritative_source_provenance|last_tested|minimum_peer_reviewers|minimum_sme_reviewers|minimum_test_records|minimum_distinct_environments"
P2,troubleshoot-a-browser-sign-in-loop,Troubleshoot a browser sign-in loop,Business Applications & Browsers,under_review,under_review,false,24,false,,"diagnostic_tested|remediation_tested|rollback_or_irreversibility_confirmed|escalation_confirmed|time_validated|expected_result_confirmed|owner_signoff|authoritative_source_provenance|last_tested|minimum_peer_reviewers|minimum_sme_reviewers|minimum_test_records|minimum_distinct_environments"
P2,troubleshoot-a-citrix-application-launch,Troubleshoot a Citrix application launch,"Remote Access, VDI & DaaS",under_review,under_review,false,24,false,,"diagnostic_tested|remediation_tested|rollback_or_irreversibility_confirmed|escalation_confirmed|time_validated|expected_result_confirmed|owner_signoff|authoritative_source_provenance|last_tested|minimum_peer_reviewers|minimum_sme_reviewers|minimum_test_records|minimum_distinct_environments"
P2,troubleshoot-a-damaged-or-loose-charging-port,Troubleshoot a damaged or loose charging port,Hardware & Peripherals,under_review,under_review,false,24,false,,"diagnostic_tested|remediation_tested|rollback_or_irreversibility_confirmed|escalation_confirmed|time_validated|expected_result_confirmed|owner_signoff|authoritative_source_provenance|last_tested|minimum_peer_reviewers|minimum_sme_reviewers|minimum_test_records|minimum_distinct_environments"
P2,troubleshoot-a-failing-storage-device,Troubleshoot a failing storage device,Hardware & Peripherals,under_review,under_review,false,24,false,,"diagnostic_tested|remediation_tested|rollback_or_irreversibility_confirmed|escalation_confirmed|time_validated|expected_result_confirmed|owner_signoff|authoritative_source_provenance|last_tested|minimum_peer_reviewers|minimum_sme_reviewers|minimum_test_records|minimum_distinct_environments"
P2,troubleshoot-a-hyper-v-virtual-machine-that-is-unresponsive,Troubleshoot a Hyper-V virtual machine that is unresponsive,Cloud & Virtualisation,under_review,under_review,false,24,false,,"diagnostic_tested|remediation_tested|rollback_or_irreversibility_confirmed|escalation_confirmed|time_validated|expected_result_confirmed|owner_signoff|authoritative_source_provenance|last_tested|minimum_peer_reviewers|minimum_sme_reviewers|minimum_test_records|minimum_distinct_environments"
P2,troubleshoot-a-laptop-battery-not-charging,Troubleshoot a laptop battery not charging,Windows Endpoints,under_review,under_review,false,24,false,,"diagnostic_tested|remediation_tested|rollback_or_irreversibility_confirmed|escalation_confirmed|time_validated|expected_result_confirmed|owner_signoff|authoritative_source_provenance|last_tested|minimum_peer_reviewers|minimum_sme_reviewers|minimum_test_records|minimum_distinct_environments"
P2,troubleshoot-a-legacy-application-compatibility-issue,Troubleshoot a legacy application compatibility issue,Business Applications & Browsers,under_review,under_review,false,24,false,,"diagnostic_tested|remediation_tested|rollback_or_irreversibility_confirmed|escalation_confirmed|time_validated|expected_result_confirmed|owner_signoff|authoritative_source_provenance|last_tested|minimum_peer_reviewers|minimum_sme_reviewers|minimum_test_records|minimum_distinct_environments"
P2,troubleshoot-a-load-balanced-application-endpoint,Troubleshoot a load-balanced application endpoint,Cloud & Virtualisation,under_review,under_review,false,24,false,,"diagnostic_tested|remediation_tested|rollback_or_irreversibility_confirmed|escalation_confirmed|time_validated|expected_result_confirmed|owner_signoff|authoritative_source_provenance|last_tested|minimum_peer_reviewers|minimum_sme_reviewers|minimum_test_records|minimum_distinct_environments"
P2,troubleshoot-a-macos-kernel-panic,Troubleshoot a macOS kernel panic,macOS Endpoints,under_review,under_review,false,24,false,,"diagnostic_tested|remediation_tested|rollback_or_irreversibility_confirmed|escalation_confirmed|time_validated|expected_result_confirmed|owner_signoff|authoritative_source_provenance|last_tested|minimum_peer_reviewers|minimum_sme_reviewers|minimum_test_records|minimum_distinct_environments"
P2,troubleshoot-a-print-server,Troubleshoot a print server,Servers & Core Infrastructure,under_review,under_review,false,24,false,,"diagnostic_tested|remediation_tested|rollback_or_irreversibility_confirmed|escalation_confirmed|time_validated|expected_result_confirmed|owner_signoff|authoritative_source_provenance|last_tested|minimum_peer_reviewers|minimum_sme_reviewers|minimum_test_records|minimum_distinct_environments"
P2,troubleshoot-a-room-booking-panel,Troubleshoot a room booking panel,"Voice, Telephony & Meeting Rooms",under_review,under_review,false,24,false,,"diagnostic_tested|remediation_tested|rollback_or_irreversibility_confirmed|escalation_confirmed|time_validated|expected_result_confirmed|owner_signoff|authoritative_source_provenance|last_tested|minimum_peer_reviewers|minimum_sme_reviewers|minimum_test_records|minimum_distinct_environments"
P2,troubleshoot-a-softphone-sign-in,Troubleshoot a softphone sign-in,"Voice, Telephony & Meeting Rooms",under_review,under_review,false,24,false,,"diagnostic_tested|remediation_tested|rollback_or_irreversibility_confirmed|escalation_confirmed|time_validated|expected_result_confirmed|owner_signoff|authoritative_source_provenance|last_tested|minimum_peer_reviewers|minimum_sme_reviewers|minimum_test_records|minimum_distinct_environments"
P2,troubleshoot-a-vmware-virtual-machine-that-is-unresponsive,Troubleshoot a VMware virtual machine that is unresponsive,Cloud & Virtualisation,under_review,under_review,false,24,false,,"diagnostic_tested|remediation_tested|rollback_or_irreversibility_confirmed|escalation_confirmed|time_validated|expected_result_confirmed|owner_signoff|authoritative_source_provenance|last_tested|minimum_peer_reviewers|minimum_sme_reviewers|minimum_test_records|minimum_distinct_environments"
P2,troubleshoot-a-windows-file-share,Troubleshoot a Windows file share,Servers & Core Infrastructure,under_review,under_review,false,24,false,,"diagnostic_tested|remediation_tested|rollback_or_irreversibility_confirmed|escalation_confirmed|time_validated|expected_result_confirmed|owner_signoff|authoritative_source_provenance|last_tested|minimum_peer_reviewers|minimum_sme_reviewers|minimum_test_records|minimum_distinct_environments"
P2,troubleshoot-a-zoom-room-system,Troubleshoot a Zoom Room system,"Voice, Telephony & Meeting Rooms",under_review,under_review,false,24,false,,"diagnostic_tested|remediation_tested|rollback_or_irreversibility_confirmed|escalation_confirmed|time_validated|expected_result_confirmed|owner_signoff|authoritative_source_provenance|last_tested|minimum_peer_reviewers|minimum_sme_reviewers|minimum_test_records|minimum_distinct_environments"
P2,troubleshoot-active-directory-replication,Troubleshoot Active Directory replication,Servers & Core Infrastructure,under_review,under_review,false,24,false,,"diagnostic_tested|remediation_tested|rollback_or_irreversibility_confirmed|escalation_confirmed|time_validated|expected_result_confirmed|owner_signoff|authoritative_source_provenance|last_tested|minimum_peer_reviewers|minimum_sme_reviewers|minimum_test_records|minimum_distinct_environments"
P2,troubleshoot-an-application-access-denied-error,Troubleshoot an application access-denied error,Business Applications & Browsers,under_review,under_review,false,24,false,,"diagnostic_tested|remediation_tested|rollback_or_irreversibility_confirmed|escalation_confirmed|time_validated|expected_result_confirmed|owner_signoff|authoritative_source_provenance|last_tested|minimum_peer_reviewers|minimum_sme_reviewers|minimum_test_records|minimum_distinct_environments"
P2,troubleshoot-an-application-that-crashes,Troubleshoot an application that crashes,Windows Endpoints,under_review,under_review,false,24,false,,"diagnostic_tested|remediation_tested|rollback_or_irreversibility_confirmed|escalation_confirmed|time_validated|expected_result_confirmed|owner_signoff|authoritative_source_provenance|last_tested|minimum_peer_reviewers|minimum_sme_reviewers|minimum_test_records|minimum_distinct_environments"
P2,troubleshoot-an-azure-virtual-desktop-sign-in,Troubleshoot an Azure Virtual Desktop sign-in,"Remote Access, VDI & DaaS",under_review,under_review,false,24,false,,"diagnostic_tested|remediation_tested|rollback_or_irreversibility_confirmed|escalation_confirmed|time_validated|expected_result_confirmed|owner_signoff|authoritative_source_provenance|last_tested|minimum_peer_reviewers|minimum_sme_reviewers|minimum_test_records|minimum_distinct_environments"
P2,troubleshoot-an-odbc-data-source,Troubleshoot an ODBC data source,Servers & Core Infrastructure,under_review,under_review,false,24,false,,"diagnostic_tested|remediation_tested|rollback_or_irreversibility_confirmed|escalation_confirmed|time_validated|expected_result_confirmed|owner_signoff|authoritative_source_provenance|last_tested|minimum_peer_reviewers|minimum_sme_reviewers|minimum_test_records|minimum_distinct_environments"
P2,troubleshoot-an-rds-session,Troubleshoot an RDS session,"Remote Access, VDI & DaaS",under_review,under_review,false,24,false,,"diagnostic_tested|remediation_tested|rollback_or_irreversibility_confirmed|escalation_confirmed|time_validated|expected_result_confirmed|owner_signoff|authoritative_source_provenance|last_tested|minimum_peer_reviewers|minimum_sme_reviewers|minimum_test_records|minimum_distinct_environments"
P2,troubleshoot-citrix-workspace-sign-in,Troubleshoot Citrix Workspace sign-in,"Remote Access, VDI & DaaS",under_review,under_review,false,24,false,,"diagnostic_tested|remediation_tested|rollback_or_irreversibility_confirmed|escalation_confirmed|time_validated|expected_result_confirmed|owner_signoff|authoritative_source_provenance|last_tested|minimum_peer_reviewers|minimum_sme_reviewers|minimum_test_records|minimum_distinct_environments"
P2,troubleshoot-cloud-application-authentication,Troubleshoot cloud application authentication,Cloud & Virtualisation,under_review,under_review,false,24,false,,"diagnostic_tested|remediation_tested|rollback_or_irreversibility_confirmed|escalation_confirmed|time_validated|expected_result_confirmed|owner_signoff|authoritative_source_provenance|last_tested|minimum_peer_reviewers|minimum_sme_reviewers|minimum_test_records|minimum_distinct_environments"
P2,troubleshoot-cloud-storage-access,Troubleshoot cloud storage access,Cloud & Virtualisation,under_review,under_review,false,24,false,,"diagnostic_tested|remediation_tested|rollback_or_irreversibility_confirmed|escalation_confirmed|time_validated|expected_result_confirmed|owner_signoff|authoritative_source_provenance|last_tested|minimum_peer_reviewers|minimum_sme_reviewers|minimum_test_records|minimum_distinct_environments"
P2,troubleshoot-corporate-wi-fi-on-mobile,Troubleshoot corporate Wi-Fi on mobile,Mobile Devices & MDM,under_review,under_review,false,24,false,,"diagnostic_tested|remediation_tested|rollback_or_irreversibility_confirmed|escalation_confirmed|time_validated|expected_result_confirmed|owner_signoff|authoritative_source_provenance|last_tested|minimum_peer_reviewers|minimum_sme_reviewers|minimum_test_records|minimum_distinct_environments"
P2,troubleshoot-database-connectivity-from-an-application,Troubleshoot database connectivity from an application,Servers & Core Infrastructure,under_review,under_review,false,24,false,,"diagnostic_tested|remediation_tested|rollback_or_irreversibility_confirmed|escalation_confirmed|time_validated|expected_result_confirmed|owner_signoff|authoritative_source_provenance|last_tested|minimum_peer_reviewers|minimum_sme_reviewers|minimum_test_records|minimum_distinct_environments"
P2,troubleshoot-distribution-list-delivery,Troubleshoot distribution-list delivery,Microsoft 365 & Collaboration,under_review,under_review,false,24,false,,"diagnostic_tested|remediation_tested|rollback_or_irreversibility_confirmed|escalation_confirmed|time_validated|expected_result_confirmed|owner_signoff|authoritative_source_provenance|last_tested|minimum_peer_reviewers|minimum_sme_reviewers|minimum_test_records|minimum_distinct_environments"
P2,troubleshoot-enterprise-software-deployment,Troubleshoot enterprise software deployment,Windows Endpoints,under_review,under_review,false,24,false,,"diagnostic_tested|remediation_tested|rollback_or_irreversibility_confirmed|escalation_confirmed|time_validated|expected_result_confirmed|owner_signoff|authoritative_source_provenance|last_tested|minimum_peer_reviewers|minimum_sme_reviewers|minimum_test_records|minimum_distinct_environments"
P2,troubleshoot-excessive-mobile-battery-drain,Troubleshoot excessive mobile battery drain,Mobile Devices & MDM,under_review,under_review,false,24,false,,"diagnostic_tested|remediation_tested|rollback_or_irreversibility_confirmed|escalation_confirmed|time_validated|expected_result_confirmed|owner_signoff|authoritative_source_provenance|last_tested|minimum_peer_reviewers|minimum_sme_reviewers|minimum_test_records|minimum_distinct_environments"
P2,troubleshoot-google-calendar-sharing,Troubleshoot Google Calendar sharing,Google Workspace & Web Collaboration,under_review,under_review,false,24,false,,"diagnostic_tested|remediation_tested|rollback_or_irreversibility_confirmed|escalation_confirmed|time_validated|expected_result_confirmed|owner_signoff|authoritative_source_provenance|last_tested|minimum_peer_reviewers|minimum_sme_reviewers|minimum_test_records|minimum_distinct_environments"
P2,troubleshoot-google-workspace-mobile-access,Troubleshoot Google Workspace mobile access,Google Workspace & Web Collaboration,under_review,under_review,false,24,false,,"diagnostic_tested|remediation_tested|rollback_or_irreversibility_confirmed|escalation_confirmed|time_validated|expected_result_confirmed|owner_signoff|authoritative_source_provenance|last_tested|minimum_peer_reviewers|minimum_sme_reviewers|minimum_test_records|minimum_distinct_environments"
P2,troubleshoot-google-workspace-sign-in,Troubleshoot Google Workspace sign-in,Google Workspace & Web Collaboration,under_review,under_review,false,24,false,,"diagnostic_tested|remediation_tested|rollback_or_irreversibility_confirmed|escalation_confirmed|time_validated|expected_result_confirmed|owner_signoff|authoritative_source_provenance|last_tested|minimum_peer_reviewers|minimum_sme_reviewers|minimum_test_records|minimum_distinct_environments"
P2,troubleshoot-group-policy-application,Troubleshoot Group Policy application,Servers & Core Infrastructure,under_review,under_review,false,24,false,,"diagnostic_tested|remediation_tested|rollback_or_irreversibility_confirmed|escalation_confirmed|time_validated|expected_result_confirmed|owner_signoff|authoritative_source_provenance|last_tested|minimum_peer_reviewers|minimum_sme_reviewers|minimum_test_records|minimum_distinct_environments"
P2,troubleshoot-hdmi-presentation-input,Troubleshoot HDMI presentation input,"Voice, Telephony & Meeting Rooms",under_review,under_review,false,24,false,,"diagnostic_tested|remediation_tested|rollback_or_irreversibility_confirmed|escalation_confirmed|time_validated|expected_result_confirmed|owner_signoff|authoritative_source_provenance|last_tested|minimum_peer_reviewers|minimum_sme_reviewers|minimum_test_records|minimum_distinct_environments"
P2,troubleshoot-incorrect-system-time,Troubleshoot incorrect system time,Windows Endpoints,under_review,under_review,false,24,false,,"diagnostic_tested|remediation_tested|rollback_or_irreversibility_confirmed|escalation_confirmed|time_validated|expected_result_confirmed|owner_signoff|authoritative_source_provenance|last_tested|minimum_peer_reviewers|minimum_sme_reviewers|minimum_test_records|minimum_distinct_environments"
P2,troubleshoot-intermittent-network-connectivity,Troubleshoot intermittent network connectivity,Network & Connectivity,under_review,under_review,false,24,false,,"diagnostic_tested|remediation_tested|rollback_or_irreversibility_confirmed|escalation_confirmed|time_validated|expected_result_confirmed|owner_signoff|authoritative_source_provenance|last_tested|minimum_peer_reviewers|minimum_sme_reviewers|minimum_test_records|minimum_distinct_environments"
P2,troubleshoot-linux-package-installation,Troubleshoot Linux package installation,Linux & Developer Workstations,under_review,under_review,false,24,false,,"diagnostic_tested|remediation_tested|rollback_or_irreversibility_confirmed|escalation_confirmed|time_validated|expected_result_confirmed|owner_signoff|authoritative_source_provenance|last_tested|minimum_peer_reviewers|minimum_sme_reviewers|minimum_test_records|minimum_distinct_environments"
P2,troubleshoot-macos-disk-space,Troubleshoot macOS disk space,macOS Endpoints,under_review,under_review,false,24,false,,"diagnostic_tested|remediation_tested|rollback_or_irreversibility_confirmed|escalation_confirmed|time_validated|expected_result_confirmed|owner_signoff|authoritative_source_provenance|last_tested|minimum_peer_reviewers|minimum_sme_reviewers|minimum_test_records|minimum_distinct_environments"
P2,troubleshoot-macos-software-update,Troubleshoot macOS software update,macOS Endpoints,under_review,under_review,false,24,false,,"diagnostic_tested|remediation_tested|rollback_or_irreversibility_confirmed|escalation_confirmed|time_validated|expected_result_confirmed|owner_signoff|authoritative_source_provenance|last_tested|minimum_peer_reviewers|minimum_sme_reviewers|minimum_test_records|minimum_distinct_environments"
P2,troubleshoot-macos-wi-fi,Troubleshoot macOS Wi-Fi,macOS Endpoints,under_review,under_review,false,24,false,,"diagnostic_tested|remediation_tested|rollback_or_irreversibility_confirmed|escalation_confirmed|time_validated|expected_result_confirmed|owner_signoff|authoritative_source_provenance|last_tested|minimum_peer_reviewers|minimum_sme_reviewers|minimum_test_records|minimum_distinct_environments"
P2,troubleshoot-memory-hardware-errors,Troubleshoot memory hardware errors,Hardware & Peripherals,under_review,under_review,false,24,false,,"diagnostic_tested|remediation_tested|rollback_or_irreversibility_confirmed|escalation_confirmed|time_validated|expected_result_confirmed|owner_signoff|authoritative_source_provenance|last_tested|minimum_peer_reviewers|minimum_sme_reviewers|minimum_test_records|minimum_distinct_environments"
P2,troubleshoot-microsoft-365-apps-installation,Troubleshoot Microsoft 365 Apps installation,Microsoft 365 & Collaboration,under_review,under_review,false,24,false,,"diagnostic_tested|remediation_tested|rollback_or_irreversibility_confirmed|escalation_confirmed|time_validated|expected_result_confirmed|owner_signoff|authoritative_source_provenance|last_tested|minimum_peer_reviewers|minimum_sme_reviewers|minimum_test_records|minimum_distinct_environments"
P2,troubleshoot-microsoft-forms-access,Troubleshoot Microsoft Forms access,Microsoft 365 & Collaboration,under_review,under_review,false,24,false,,"diagnostic_tested|remediation_tested|rollback_or_irreversibility_confirmed|escalation_confirmed|time_validated|expected_result_confirmed|owner_signoff|authoritative_source_provenance|last_tested|minimum_peer_reviewers|minimum_sme_reviewers|minimum_test_records|minimum_distinct_environments"
P2,troubleshoot-microsoft-intune-enrolment,Troubleshoot Microsoft Intune enrolment,Windows Endpoints,under_review,under_review,false,24,false,,"diagnostic_tested|remediation_tested|rollback_or_irreversibility_confirmed|escalation_confirmed|time_validated|expected_result_confirmed|owner_signoff|authoritative_source_provenance|last_tested|minimum_peer_reviewers|minimum_sme_reviewers|minimum_test_records|minimum_distinct_environments"
P2,troubleshoot-microsoft-planner-or-tasks-access,Troubleshoot Microsoft Planner or Tasks access,Microsoft 365 & Collaboration,under_review,under_review,false,24,false,,"diagnostic_tested|remediation_tested|rollback_or_irreversibility_confirmed|escalation_confirmed|time_validated|expected_result_confirmed|owner_signoff|authoritative_source_provenance|last_tested|minimum_peer_reviewers|minimum_sme_reviewers|minimum_test_records|minimum_distinct_environments"
P2,troubleshoot-mobile-application-deployment,Troubleshoot mobile application deployment,Mobile Devices & MDM,under_review,under_review,false,24,false,,"diagnostic_tested|remediation_tested|rollback_or_irreversibility_confirmed|escalation_confirmed|time_validated|expected_result_confirmed|owner_signoff|authoritative_source_provenance|last_tested|minimum_peer_reviewers|minimum_sme_reviewers|minimum_test_records|minimum_distinct_environments"
P2,troubleshoot-mobile-storage-exhaustion,Troubleshoot mobile storage exhaustion,Mobile Devices & MDM,under_review,under_review,false,24,false,,"diagnostic_tested|remediation_tested|rollback_or_irreversibility_confirmed|escalation_confirmed|time_validated|expected_result_confirmed|owner_signoff|authoritative_source_provenance|last_tested|minimum_peer_reviewers|minimum_sme_reviewers|minimum_test_records|minimum_distinct_environments"
P2,troubleshoot-network-latency,Troubleshoot network latency,Network & Connectivity,under_review,under_review,false,24,false,,"diagnostic_tested|remediation_tested|rollback_or_irreversibility_confirmed|escalation_confirmed|time_validated|expected_result_confirmed|owner_signoff|authoritative_source_provenance|last_tested|minimum_peer_reviewers|minimum_sme_reviewers|minimum_test_records|minimum_distinct_environments"
P2,troubleshoot-office-activation,Troubleshoot Office activation,Microsoft 365 & Collaboration,under_review,under_review,false,24,false,,"diagnostic_tested|remediation_tested|rollback_or_irreversibility_confirmed|escalation_confirmed|time_validated|expected_result_confirmed|owner_signoff|authoritative_source_provenance|last_tested|minimum_peer_reviewers|minimum_sme_reviewers|minimum_test_records|minimum_distinct_environments"
P2,troubleshoot-packet-loss,Troubleshoot packet loss,Network & Connectivity,under_review,under_review,false,24,false,,"diagnostic_tested|remediation_tested|rollback_or_irreversibility_confirmed|escalation_confirmed|time_validated|expected_result_confirmed|owner_signoff|authoritative_source_provenance|last_tested|minimum_peer_reviewers|minimum_sme_reviewers|minimum_test_records|minimum_distinct_environments"
P2,troubleshoot-passwordless-sign-in,Troubleshoot passwordless sign-in,Identity & Access Management,under_review,under_review,false,24,false,,"diagnostic_tested|remediation_tested|rollback_or_irreversibility_confirmed|escalation_confirmed|time_validated|expected_result_confirmed|owner_signoff|authoritative_source_provenance|last_tested|minimum_peer_reviewers|minimum_sme_reviewers|minimum_test_records|minimum_distinct_environments"
P2,troubleshoot-poor-call-quality,Troubleshoot poor call quality,"Voice, Telephony & Meeting Rooms",under_review,under_review,false,24,false,,"diagnostic_tested|remediation_tested|rollback_or_irreversibility_confirmed|escalation_confirmed|time_validated|expected_result_confirmed|owner_signoff|authoritative_source_provenance|last_tested|minimum_peer_reviewers|minimum_sme_reviewers|minimum_test_records|minimum_distinct_environments"
P2,troubleshoot-poor-print-quality,Troubleshoot poor print quality,Printing & Scanning,under_review,under_review,false,24,false,,"diagnostic_tested|remediation_tested|rollback_or_irreversibility_confirmed|escalation_confirmed|time_validated|expected_result_confirmed|owner_signoff|authoritative_source_provenance|last_tested|minimum_peer_reviewers|minimum_sme_reviewers|minimum_test_records|minimum_distinct_environments"
P2,troubleshoot-post-errors-or-beep-codes,Troubleshoot POST errors or beep codes,Hardware & Peripherals,under_review,under_review,false,24,false,,"diagnostic_tested|remediation_tested|rollback_or_irreversibility_confirmed|escalation_confirmed|time_validated|expected_result_confirmed|owner_signoff|authoritative_source_provenance|last_tested|minimum_peer_reviewers|minimum_sme_reviewers|minimum_test_records|minimum_distinct_environments"
P2,troubleshoot-power-bi-sign-in-or-access,Troubleshoot Power BI sign-in or access,Microsoft 365 & Collaboration,under_review,under_review,false,24,false,,"diagnostic_tested|remediation_tested|rollback_or_irreversibility_confirmed|escalation_confirmed|time_validated|expected_result_confirmed|owner_signoff|authoritative_source_provenance|last_tested|minimum_peer_reviewers|minimum_sme_reviewers|minimum_test_records|minimum_distinct_environments"
P2,troubleshoot-remote-desktop-licensing-errors,Troubleshoot remote desktop licensing errors,"Remote Access, VDI & DaaS",under_review,under_review,false,24,false,,"diagnostic_tested|remediation_tested|rollback_or_irreversibility_confirmed|escalation_confirmed|time_validated|expected_result_confirmed|owner_signoff|authoritative_source_provenance|last_tested|minimum_peer_reviewers|minimum_sme_reviewers|minimum_test_records|minimum_distinct_environments"
P2,troubleshoot-remote-desktop-to-a-server,Troubleshoot Remote Desktop to a server,Servers & Core Infrastructure,under_review,under_review,false,24,false,,"diagnostic_tested|remediation_tested|rollback_or_irreversibility_confirmed|escalation_confirmed|time_validated|expected_result_confirmed|owner_signoff|authoritative_source_provenance|last_tested|minimum_peer_reviewers|minimum_sme_reviewers|minimum_test_records|minimum_distinct_environments"
P2,troubleshoot-repeated-mfa-prompts,Troubleshoot repeated MFA prompts,Identity & Access Management,under_review,under_review,false,24,false,,"diagnostic_tested|remediation_tested|rollback_or_irreversibility_confirmed|escalation_confirmed|time_validated|expected_result_confirmed|owner_signoff|authoritative_source_provenance|last_tested|minimum_peer_reviewers|minimum_sme_reviewers|minimum_test_records|minimum_distinct_environments"
P2,troubleshoot-screen-flicker-or-graphics-corruption,Troubleshoot screen flicker or graphics corruption,Windows Endpoints,under_review,under_review,false,24,false,,"diagnostic_tested|remediation_tested|rollback_or_irreversibility_confirmed|escalation_confirmed|time_validated|expected_result_confirmed|owner_signoff|authoritative_source_provenance|last_tested|minimum_peer_reviewers|minimum_sme_reviewers|minimum_test_records|minimum_distinct_environments"
P2,troubleshoot-sleep-wake-or-hibernation,"Troubleshoot sleep, wake or hibernation",Windows Endpoints,under_review,under_review,false,24,false,,"diagnostic_tested|remediation_tested|rollback_or_irreversibility_confirmed|escalation_confirmed|time_validated|expected_result_confirmed|owner_signoff|authoritative_source_provenance|last_tested|minimum_peer_reviewers|minimum_sme_reviewers|minimum_test_records|minimum_distinct_environments"
P2,troubleshoot-smart-card-sign-in,Troubleshoot smart-card sign-in,Identity & Access Management,under_review,under_review,false,24,false,,"diagnostic_tested|remediation_tested|rollback_or_irreversibility_confirmed|escalation_confirmed|time_validated|expected_result_confirmed|owner_signoff|authoritative_source_provenance|last_tested|minimum_peer_reviewers|minimum_sme_reviewers|minimum_test_records|minimum_distinct_environments"
P2,troubleshoot-universal-print,Troubleshoot Universal Print,Printing & Scanning,under_review,under_review,false,24,false,,"diagnostic_tested|remediation_tested|rollback_or_irreversibility_confirmed|escalation_confirmed|time_validated|expected_result_confirmed|owner_signoff|authoritative_source_provenance|last_tested|minimum_peer_reviewers|minimum_sme_reviewers|minimum_test_records|minimum_distinct_environments"
P2,troubleshoot-user-account-control-or-admin-rights-requests,Troubleshoot User Account Control or admin-rights requests,Windows Endpoints,under_review,under_review,false,24,false,,"diagnostic_tested|remediation_tested|rollback_or_irreversibility_confirmed|escalation_confirmed|time_validated|expected_result_confirmed|owner_signoff|authoritative_source_provenance|last_tested|minimum_peer_reviewers|minimum_sme_reviewers|minimum_test_records|minimum_distinct_environments"
P2,troubleshoot-windows-365-cloud-pc-access,Troubleshoot Windows 365 Cloud PC access,"Remote Access, VDI & DaaS",under_review,under_review,false,24,false,,"diagnostic_tested|remediation_tested|rollback_or_irreversibility_confirmed|escalation_confirmed|time_validated|expected_result_confirmed|owner_signoff|authoritative_source_provenance|last_tested|minimum_peer_reviewers|minimum_sme_reviewers|minimum_test_records|minimum_distinct_environments"
P2,troubleshoot-windows-activation,Troubleshoot Windows activation,Windows Endpoints,under_review,under_review,false,24,false,,"diagnostic_tested|remediation_tested|rollback_or_irreversibility_confirmed|escalation_confirmed|time_validated|expected_result_confirmed|owner_signoff|authoritative_source_provenance|last_tested|minimum_peer_reviewers|minimum_sme_reviewers|minimum_test_records|minimum_distinct_environments"
P2,troubleshoot-windows-hello-enrolment,Troubleshoot Windows Hello enrolment,Identity & Access Management,under_review,under_review,false,24,false,,"diagnostic_tested|remediation_tested|rollback_or_irreversibility_confirmed|escalation_confirmed|time_validated|expected_result_confirmed|owner_signoff|authoritative_source_provenance|last_tested|minimum_peer_reviewers|minimum_sme_reviewers|minimum_test_records|minimum_distinct_environments"
P2,troubleshoot-wireless-presentation,Troubleshoot wireless presentation,"Voice, Telephony & Meeting Rooms",under_review,under_review,false,24,false,,"diagnostic_tested|remediation_tested|rollback_or_irreversibility_confirmed|escalation_confirmed|time_validated|expected_result_confirmed|owner_signoff|authoritative_source_provenance|last_tested|minimum_peer_reviewers|minimum_sme_reviewers|minimum_test_records|minimum_distinct_environments"
P2,troubleshoot-wireless-roaming,Troubleshoot wireless roaming,Network & Connectivity,under_review,under_review,false,24,false,,"diagnostic_tested|remediation_tested|rollback_or_irreversibility_confirmed|escalation_confirmed|time_validated|expected_result_confirmed|owner_signoff|authoritative_source_provenance|last_tested|minimum_peer_reviewers|minimum_sme_reviewers|minimum_test_records|minimum_distinct_environments"
P2,troubleshoot-word-or-excel-crashes,Troubleshoot Word or Excel crashes,Microsoft 365 & Collaboration,under_review,under_review,false,24,false,,"diagnostic_tested|remediation_tested|rollback_or_irreversibility_confirmed|escalation_confirmed|time_validated|expected_result_confirmed|owner_signoff|authoritative_source_provenance|last_tested|minimum_peer_reviewers|minimum_sme_reviewers|minimum_test_records|minimum_distinct_environments"
P2,update-bios-or-device-firmware-safely,Update BIOS or device firmware safely,Windows Endpoints,under_review,under_review,false,24,false,,"diagnostic_tested|remediation_tested|rollback_or_irreversibility_confirmed|escalation_confirmed|time_validated|expected_result_confirmed|owner_signoff|authoritative_source_provenance|last_tested|minimum_peer_reviewers|minimum_sme_reviewers|minimum_test_records|minimum_distinct_environments"
P2,validate-critical-security-patch-deployment,Validate critical security patch deployment,Security & Compliance,under_review,under_review,false,24,false,,"diagnostic_tested|remediation_tested|rollback_or_irreversibility_confirmed|escalation_confirmed|time_validated|expected_result_confirmed|owner_signoff|authoritative_source_provenance|last_tested|minimum_peer_reviewers|minimum_sme_reviewers|minimum_test_records|minimum_distinct_environments"
P2,validate-microsoft-365-service-health,Validate Microsoft 365 service health,Microsoft 365 & Collaboration,under_review,under_review,false,24,false,,"diagnostic_tested|remediation_tested|rollback_or_irreversibility_confirmed|escalation_confirmed|time_validated|expected_result_confirmed|owner_signoff|authoritative_source_provenance|last_tested|minimum_peer_reviewers|minimum_sme_reviewers|minimum_test_records|minimum_distinct_environments"
P2,validate-replacement-hardware-before-handover,Validate replacement hardware before handover,Hardware & Peripherals,under_review,under_review,false,24,false,,"diagnostic_tested|remediation_tested|rollback_or_irreversibility_confirmed|escalation_confirmed|time_validated|expected_result_confirmed|owner_signoff|authoritative_source_provenance|last_tested|minimum_peer_reviewers|minimum_sme_reviewers|minimum_test_records|minimum_distinct_environments"
P2,validate-service-restoration-before-closure,Validate service restoration before closure,Service Desk & ITSM,under_review,under_review,false,24,false,,"diagnostic_tested|remediation_tested|rollback_or_irreversibility_confirmed|escalation_confirmed|time_validated|expected_result_confirmed|owner_signoff|authoritative_source_provenance|last_tested|minimum_peer_reviewers|minimum_sme_reviewers|minimum_test_records|minimum_distinct_environments"
P2,verify-caller-identity-before-support,Verify caller identity before support,Service Desk & ITSM,under_review,under_review,false,24,false,,"diagnostic_tested|remediation_tested|rollback_or_irreversibility_confirmed|escalation_confirmed|time_validated|expected_result_confirmed|owner_signoff|authoritative_source_provenance|last_tested|minimum_peer_reviewers|minimum_sme_reviewers|minimum_test_records|minimum_distinct_environments"
P3,printer-offline,Resolve a printer showing Offline,Printing & Scanning,verified,revalidation_required,false,18,false,,"diagnostic_tested|remediation_tested|rollback_or_irreversibility_confirmed|escalation_confirmed|time_validated|expected_result_confirmed|owner_signoff|authoritative_source_provenance|tested_platforms|last_tested|minimum_peer_reviewers|minimum_technical_reviewers|minimum_test_records|minimum_distinct_environments"
