rank,slug,title,category,priority,governance_state,verification_score_percent,priority_score,score_before_priority_floor,priority_floor_applied,queue_band,queue_label,risk_points,search_demand_tier,search_demand_points,search_demand_source,search_demand_source_field,temporary_proxy_match,escalation_frequency_tier,escalation_frequency_points,escalation_frequency_source,business_criticality_tier,business_criticality_points,business_criticality_source,evidence_readiness_points,promotion_ready,missing_requirements
1,respond-to-a-ransomware-alert,Respond to a ransomware alert,Security & Compliance,P0,under_review,28,72,72,false,immediate,Immediate verification,40,very_high,30,temporary_topic_proxy,metadata_only,ransomware,none,0,none,none,0,none,2,false,"diagnostic_tested|remediation_tested|rollback_or_irreversibility_confirmed|escalation_confirmed|time_validated|expected_result_confirmed|owner_signoff|last_tested|minimum_peer_reviewers|minimum_sme_reviewers|minimum_test_records|minimum_distinct_environments|negative_path_tested"
2,triage-a-site-internet-outage,Triage a site internet outage,Network & Connectivity,P0,under_review,22,72,72,false,immediate,Immediate verification,40,very_high,30,temporary_topic_proxy,metadata_only,site internet outage,none,0,none,none,0,none,2,false,"diagnostic_tested|remediation_tested|rollback_or_irreversibility_confirmed|escalation_confirmed|time_validated|expected_result_confirmed|owner_signoff|authoritative_source_provenance|last_tested|minimum_peer_reviewers|minimum_sme_reviewers|minimum_test_records|minimum_distinct_environments|negative_path_tested"
3,triage-a-site-wide-lan-outage,Triage a site-wide LAN outage,Network & Connectivity,P0,under_review,22,72,72,false,immediate,Immediate verification,40,very_high,30,temporary_topic_proxy,metadata_only,site-wide lan,none,0,none,none,0,none,2,false,"diagnostic_tested|remediation_tested|rollback_or_irreversibility_confirmed|escalation_confirmed|time_validated|expected_result_confirmed|owner_signoff|authoritative_source_provenance|last_tested|minimum_peer_reviewers|minimum_sme_reviewers|minimum_test_records|minimum_distinct_environments|negative_path_tested"
4,declare-and-coordinate-a-major-incident,Declare and coordinate a major incident,Service Desk & ITSM,P0,under_review,22,70,42,true,immediate,Immediate verification,40,none,0,none,none,,none,0,none,none,0,none,2,false,"diagnostic_tested|remediation_tested|rollback_or_irreversibility_confirmed|escalation_confirmed|time_validated|expected_result_confirmed|owner_signoff|authoritative_source_provenance|last_tested|minimum_peer_reviewers|minimum_sme_reviewers|minimum_test_records|minimum_distinct_environments|negative_path_tested"
5,respond-to-suspected-data-leakage,Respond to suspected data leakage,Security & Compliance,P0,under_review,22,70,42,true,immediate,Immediate verification,40,none,0,none,none,,none,0,none,none,0,none,2,false,"diagnostic_tested|remediation_tested|rollback_or_irreversibility_confirmed|escalation_confirmed|time_validated|expected_result_confirmed|owner_signoff|authoritative_source_provenance|last_tested|minimum_peer_reviewers|minimum_sme_reviewers|minimum_test_records|minimum_distinct_environments|negative_path_tested"
6,triage-a-cloud-service-outage,Triage a cloud service outage,Cloud & Virtualisation,P0,under_review,22,70,42,true,immediate,Immediate verification,40,none,0,none,none,,none,0,none,none,0,none,2,false,"diagnostic_tested|remediation_tested|rollback_or_irreversibility_confirmed|escalation_confirmed|time_validated|expected_result_confirmed|owner_signoff|authoritative_source_provenance|last_tested|minimum_peer_reviewers|minimum_sme_reviewers|minimum_test_records|minimum_distinct_environments|negative_path_tested"
7,triage-an-office-or-site-wide-outage,Triage an office or site-wide outage,Service Desk & ITSM,P0,under_review,22,70,42,true,immediate,Immediate verification,40,none,0,none,none,,none,0,none,none,0,none,2,false,"diagnostic_tested|remediation_tested|rollback_or_irreversibility_confirmed|escalation_confirmed|time_validated|expected_result_confirmed|owner_signoff|authoritative_source_provenance|last_tested|minimum_peer_reviewers|minimum_sme_reviewers|minimum_test_records|minimum_distinct_environments|negative_path_tested"
8,respond-to-a-suspected-compromised-account,Respond to a suspected compromised account,Identity & Access Management,P1,under_review,22,62,62,false,next,Next verification batch,30,very_high,30,temporary_topic_proxy,metadata_only,compromised account,none,0,none,none,0,none,2,false,"diagnostic_tested|remediation_tested|rollback_or_irreversibility_confirmed|escalation_confirmed|time_validated|expected_result_confirmed|owner_signoff|authoritative_source_provenance|last_tested|minimum_peer_reviewers|minimum_sme_reviewers|minimum_test_records|minimum_distinct_environments|negative_path_tested"
9,troubleshoot-a-cloud-vpn-gateway,Troubleshoot a cloud VPN gateway,Cloud & Virtualisation,P1,under_review,22,62,62,false,next,Next verification batch,30,very_high,30,temporary_topic_proxy,metadata_only,vpn,none,0,none,none,0,none,2,false,"diagnostic_tested|remediation_tested|rollback_or_irreversibility_confirmed|escalation_confirmed|time_validated|expected_result_confirmed|owner_signoff|authoritative_source_provenance|last_tested|minimum_peer_reviewers|minimum_sme_reviewers|minimum_test_records|minimum_distinct_environments|negative_path_tested"
10,troubleshoot-slow-vpn-performance,Troubleshoot slow VPN performance,Network & Connectivity,P1,under_review,22,62,62,false,next,Next verification batch,30,very_high,30,temporary_topic_proxy,metadata_only,vpn,none,0,none,none,0,none,2,false,"diagnostic_tested|remediation_tested|rollback_or_irreversibility_confirmed|escalation_confirmed|time_validated|expected_result_confirmed|owner_signoff|authoritative_source_provenance|last_tested|minimum_peer_reviewers|minimum_sme_reviewers|minimum_test_records|minimum_distinct_environments|negative_path_tested"
11,troubleshoot-vpn-certificate-failure,Troubleshoot VPN certificate failure,Network & Connectivity,P1,under_review,22,62,62,false,next,Next verification batch,30,very_high,30,temporary_topic_proxy,metadata_only,vpn,none,0,none,none,0,none,2,false,"diagnostic_tested|remediation_tested|rollback_or_irreversibility_confirmed|escalation_confirmed|time_validated|expected_result_confirmed|owner_signoff|authoritative_source_provenance|last_tested|minimum_peer_reviewers|minimum_sme_reviewers|minimum_test_records|minimum_distinct_environments|negative_path_tested"
12,troubleshoot-vpn-disconnections,Troubleshoot VPN disconnections,Network & Connectivity,P1,under_review,22,62,62,false,next,Next verification batch,30,very_high,30,temporary_topic_proxy,metadata_only,vpn,none,0,none,none,0,none,2,false,"diagnostic_tested|remediation_tested|rollback_or_irreversibility_confirmed|escalation_confirmed|time_validated|expected_result_confirmed|owner_signoff|authoritative_source_provenance|last_tested|minimum_peer_reviewers|minimum_sme_reviewers|minimum_test_records|minimum_distinct_environments|negative_path_tested"
13,troubleshoot-linux-vpn,Troubleshoot Linux VPN,Linux & Developer Workstations,P2,under_review,24,52,52,false,next,Next verification batch,20,very_high,30,temporary_topic_proxy,metadata_only,vpn,none,0,none,none,0,none,2,false,"diagnostic_tested|remediation_tested|rollback_or_irreversibility_confirmed|escalation_confirmed|time_validated|expected_result_confirmed|owner_signoff|authoritative_source_provenance|last_tested|minimum_peer_reviewers|minimum_sme_reviewers|minimum_test_records|minimum_distinct_environments"
14,troubleshoot-macos-vpn,Troubleshoot macOS VPN,macOS Endpoints,P2,under_review,24,52,52,false,next,Next verification batch,20,very_high,30,temporary_topic_proxy,metadata_only,vpn,none,0,none,none,0,none,2,false,"diagnostic_tested|remediation_tested|rollback_or_irreversibility_confirmed|escalation_confirmed|time_validated|expected_result_confirmed|owner_signoff|authoritative_source_provenance|last_tested|minimum_peer_reviewers|minimum_sme_reviewers|minimum_test_records|minimum_distinct_environments"
15,troubleshoot-mobile-vpn,Troubleshoot mobile VPN,Mobile Devices & MDM,P2,under_review,24,52,52,false,next,Next verification batch,20,very_high,30,temporary_topic_proxy,metadata_only,vpn,none,0,none,none,0,none,2,false,"diagnostic_tested|remediation_tested|rollback_or_irreversibility_confirmed|escalation_confirmed|time_validated|expected_result_confirmed|owner_signoff|authoritative_source_provenance|last_tested|minimum_peer_reviewers|minimum_sme_reviewers|minimum_test_records|minimum_distinct_environments"
16,troubleshoot-repeated-mfa-prompts,Troubleshoot repeated MFA prompts,Identity & Access Management,P2,under_review,24,52,52,false,next,Next verification batch,20,very_high,30,temporary_topic_proxy,metadata_only,mfa,none,0,none,none,0,none,2,false,"diagnostic_tested|remediation_tested|rollback_or_irreversibility_confirmed|escalation_confirmed|time_validated|expected_result_confirmed|owner_signoff|authoritative_source_provenance|last_tested|minimum_peer_reviewers|minimum_sme_reviewers|minimum_test_records|minimum_distinct_environments"
17,troubleshoot-windows-no-boot-or-boot-loop,Troubleshoot Windows no-boot or boot loop,Windows Endpoints,P2,under_review,24,52,52,false,next,Next verification batch,20,very_high,30,temporary_topic_proxy,metadata_only,no boot,none,0,none,none,0,none,2,false,"diagnostic_tested|remediation_tested|rollback_or_irreversibility_confirmed|escalation_confirmed|time_validated|expected_result_confirmed|owner_signoff|authoritative_source_provenance|last_tested|minimum_peer_reviewers|minimum_sme_reviewers|minimum_test_records|minimum_distinct_environments"
18,resolve-a-duplicate-ip-address,Resolve a duplicate IP address,Network & Connectivity,P1,under_review,22,52,52,false,next,Next verification batch,30,high,20,temporary_topic_proxy,metadata_only,network,none,0,none,none,0,none,2,false,"diagnostic_tested|remediation_tested|rollback_or_irreversibility_confirmed|escalation_confirmed|time_validated|expected_result_confirmed|owner_signoff|authoritative_source_provenance|last_tested|minimum_peer_reviewers|minimum_sme_reviewers|minimum_test_records|minimum_distinct_environments|negative_path_tested"
19,resolve-a-network-access-control-block,Resolve a Network Access Control block,Network & Connectivity,P1,under_review,22,52,52,false,next,Next verification batch,30,high,20,temporary_topic_proxy,metadata_only,network,none,0,none,none,0,none,2,false,"diagnostic_tested|remediation_tested|rollback_or_irreversibility_confirmed|escalation_confirmed|time_validated|expected_result_confirmed|owner_signoff|authoritative_source_provenance|last_tested|minimum_peer_reviewers|minimum_sme_reviewers|minimum_test_records|minimum_distinct_environments|negative_path_tested"
20,respond-to-a-suspected-malware-infection,Respond to a suspected malware infection,Security & Compliance,P1,under_review,22,52,52,false,next,Next verification batch,30,high,20,temporary_topic_proxy,metadata_only,malware,none,0,none,none,0,none,2,false,"diagnostic_tested|remediation_tested|rollback_or_irreversibility_confirmed|escalation_confirmed|time_validated|expected_result_confirmed|owner_signoff|authoritative_source_provenance|last_tested|minimum_peer_reviewers|minimum_sme_reviewers|minimum_test_records|minimum_distinct_environments|negative_path_tested"
21,triage-a-dns-service-issue,Triage a DNS service issue,Servers & Core Infrastructure,P1,under_review,22,52,52,false,next,Next verification batch,30,high,20,temporary_topic_proxy,metadata_only,dns,none,0,none,none,0,none,2,false,"diagnostic_tested|remediation_tested|rollback_or_irreversibility_confirmed|escalation_confirmed|time_validated|expected_result_confirmed|owner_signoff|authoritative_source_provenance|last_tested|minimum_peer_reviewers|minimum_sme_reviewers|minimum_test_records|minimum_distinct_environments|negative_path_tested"
22,triage-a-wireless-access-point-outage,Triage a wireless access point outage,Network & Connectivity,P1,under_review,22,52,52,false,next,Next verification batch,30,high,20,temporary_topic_proxy,metadata_only,network,none,0,none,none,0,none,2,false,"diagnostic_tested|remediation_tested|rollback_or_irreversibility_confirmed|escalation_confirmed|time_validated|expected_result_confirmed|owner_signoff|authoritative_source_provenance|last_tested|minimum_peer_reviewers|minimum_sme_reviewers|minimum_test_records|minimum_distinct_environments|negative_path_tested"
23,troubleshoot-802-1x-authentication,Troubleshoot 802.1X authentication,Network & Connectivity,P1,under_review,22,52,52,false,next,Next verification batch,30,high,20,temporary_topic_proxy,metadata_only,authentication,none,0,none,none,0,none,2,false,"diagnostic_tested|remediation_tested|rollback_or_irreversibility_confirmed|escalation_confirmed|time_validated|expected_result_confirmed|owner_signoff|authoritative_source_provenance|last_tested|minimum_peer_reviewers|minimum_sme_reviewers|minimum_test_records|minimum_distinct_environments|negative_path_tested"
24,troubleshoot-a-captive-portal,Troubleshoot a captive portal,Network & Connectivity,P1,under_review,22,52,52,false,next,Next verification batch,30,high,20,temporary_topic_proxy,metadata_only,network,none,0,none,none,0,none,2,false,"diagnostic_tested|remediation_tested|rollback_or_irreversibility_confirmed|escalation_confirmed|time_validated|expected_result_confirmed|owner_signoff|authoritative_source_provenance|last_tested|minimum_peer_reviewers|minimum_sme_reviewers|minimum_test_records|minimum_distinct_environments|negative_path_tested"
25,troubleshoot-a-default-gateway-failure,Troubleshoot a default gateway failure,Network & Connectivity,P1,under_review,22,52,52,false,next,Next verification batch,30,high,20,temporary_topic_proxy,metadata_only,network,none,0,none,none,0,none,2,false,"diagnostic_tested|remediation_tested|rollback_or_irreversibility_confirmed|escalation_confirmed|time_validated|expected_result_confirmed|owner_signoff|authoritative_source_provenance|last_tested|minimum_peer_reviewers|minimum_sme_reviewers|minimum_test_records|minimum_distinct_environments|negative_path_tested"
26,troubleshoot-a-firewall-blocked-application,Troubleshoot a firewall-blocked application,Network & Connectivity,P1,under_review,22,52,52,false,next,Next verification batch,30,high,20,temporary_topic_proxy,metadata_only,network,none,0,none,none,0,none,2,false,"diagnostic_tested|remediation_tested|rollback_or_irreversibility_confirmed|escalation_confirmed|time_validated|expected_result_confirmed|owner_signoff|authoritative_source_provenance|last_tested|minimum_peer_reviewers|minimum_sme_reviewers|minimum_test_records|minimum_distinct_environments|negative_path_tested"
27,troubleshoot-a-teams-room-system-offline,Troubleshoot a Teams Room system offline,"Voice, Telephony & Meeting Rooms",P1,under_review,22,52,52,false,next,Next verification batch,30,high,20,temporary_topic_proxy,metadata_only,teams,none,0,none,none,0,none,2,false,"diagnostic_tested|remediation_tested|rollback_or_irreversibility_confirmed|escalation_confirmed|time_validated|expected_result_confirmed|owner_signoff|authoritative_source_provenance|last_tested|minimum_peer_reviewers|minimum_sme_reviewers|minimum_test_records|minimum_distinct_environments|negative_path_tested"
28,troubleshoot-dhcp-address-assignment,Troubleshoot DHCP address assignment,Network & Connectivity,P1,under_review,22,52,52,false,next,Next verification batch,30,high,20,temporary_topic_proxy,metadata_only,network,none,0,none,none,0,none,2,false,"diagnostic_tested|remediation_tested|rollback_or_irreversibility_confirmed|escalation_confirmed|time_validated|expected_result_confirmed|owner_signoff|authoritative_source_provenance|last_tested|minimum_peer_reviewers|minimum_sme_reviewers|minimum_test_records|minimum_distinct_environments|negative_path_tested"
29,troubleshoot-scan-to-network-folder,Troubleshoot scan to network folder,Printing & Scanning,P1,under_review,22,52,52,false,next,Next verification batch,30,high,20,temporary_topic_proxy,metadata_only,network,none,0,none,none,0,none,2,false,"diagnostic_tested|remediation_tested|rollback_or_irreversibility_confirmed|escalation_confirmed|time_validated|expected_result_confirmed|owner_signoff|authoritative_source_provenance|last_tested|minimum_peer_reviewers|minimum_sme_reviewers|minimum_test_records|minimum_distinct_environments|negative_path_tested"
30,troubleshoot-slow-internet-access,Troubleshoot slow internet access,Network & Connectivity,P1,under_review,22,52,52,false,next,Next verification batch,30,high,20,temporary_topic_proxy,metadata_only,network,none,0,none,none,0,none,2,false,"diagnostic_tested|remediation_tested|rollback_or_irreversibility_confirmed|escalation_confirmed|time_validated|expected_result_confirmed|owner_signoff|authoritative_source_provenance|last_tested|minimum_peer_reviewers|minimum_sme_reviewers|minimum_test_records|minimum_distinct_environments|negative_path_tested"
31,troubleshoot-split-tunnel-application-access,Troubleshoot split-tunnel application access,Network & Connectivity,P1,under_review,22,52,52,false,next,Next verification batch,30,high,20,temporary_topic_proxy,metadata_only,network,none,0,none,none,0,none,2,false,"diagnostic_tested|remediation_tested|rollback_or_irreversibility_confirmed|escalation_confirmed|time_validated|expected_result_confirmed|owner_signoff|authoritative_source_provenance|last_tested|minimum_peer_reviewers|minimum_sme_reviewers|minimum_test_records|minimum_distinct_environments|negative_path_tested"
32,troubleshoot-teams-calling,Troubleshoot Teams calling,Microsoft 365 & Collaboration,P1,under_review,22,52,52,false,next,Next verification batch,30,high,20,temporary_topic_proxy,metadata_only,teams,none,0,none,none,0,none,2,false,"diagnostic_tested|remediation_tested|rollback_or_irreversibility_confirmed|escalation_confirmed|time_validated|expected_result_confirmed|owner_signoff|authoritative_source_provenance|last_tested|minimum_peer_reviewers|minimum_sme_reviewers|minimum_test_records|minimum_distinct_environments|negative_path_tested"
33,clear-a-stuck-windows-print-queue,Clear a stuck Windows print queue,Printing & Scanning,P1,under_review,22,50,42,true,next,Next verification batch,30,medium,10,temporary_topic_proxy,metadata_only,printing,none,0,none,none,0,none,2,false,"diagnostic_tested|remediation_tested|rollback_or_irreversibility_confirmed|escalation_confirmed|time_validated|expected_result_confirmed|owner_signoff|authoritative_source_provenance|last_tested|minimum_peer_reviewers|minimum_sme_reviewers|minimum_test_records|minimum_distinct_environments|negative_path_tested"
34,collect-security-incident-evidence,Collect security incident evidence,Security & Compliance,P1,under_review,22,50,32,true,next,Next verification batch,30,none,0,none,none,,none,0,none,none,0,none,2,false,"diagnostic_tested|remediation_tested|rollback_or_irreversibility_confirmed|escalation_confirmed|time_validated|expected_result_confirmed|owner_signoff|authoritative_source_provenance|last_tested|minimum_peer_reviewers|minimum_sme_reviewers|minimum_test_records|minimum_distinct_environments|negative_path_tested"
35,configure-corporate-email-on-ios,Configure corporate email on iOS,Mobile Devices & MDM,P1,under_review,22,50,32,true,next,Next verification batch,30,none,0,none,none,,none,0,none,none,0,none,2,false,"diagnostic_tested|remediation_tested|rollback_or_irreversibility_confirmed|escalation_confirmed|time_validated|expected_result_confirmed|owner_signoff|authoritative_source_provenance|last_tested|minimum_peer_reviewers|minimum_sme_reviewers|minimum_test_records|minimum_distinct_environments|negative_path_tested"
36,correct-a-broken-file-association,Correct a broken file association,Windows Endpoints,P1,under_review,22,50,32,true,next,Next verification batch,30,none,0,none,none,,none,0,none,none,0,none,2,false,"diagnostic_tested|remediation_tested|rollback_or_irreversibility_confirmed|escalation_confirmed|time_validated|expected_result_confirmed|owner_signoff|authoritative_source_provenance|last_tested|minimum_peer_reviewers|minimum_sme_reviewers|minimum_test_records|minimum_distinct_environments|negative_path_tested"
37,deprovision-a-departing-user-account,Deprovision a departing user account,Identity & Access Management,P1,under_review,22,50,32,true,next,Next verification batch,30,none,0,none,none,,none,0,none,none,0,none,2,false,"diagnostic_tested|remediation_tested|rollback_or_irreversibility_confirmed|escalation_confirmed|time_validated|expected_result_confirmed|owner_signoff|authoritative_source_provenance|last_tested|minimum_peer_reviewers|minimum_sme_reviewers|minimum_test_records|minimum_distinct_environments|negative_path_tested"
38,document-a-ticket-to-enterprise-standard,Document a ticket to enterprise standard,Service Desk & ITSM,P1,under_review,22,50,32,true,next,Next verification batch,30,none,0,none,none,,none,0,none,none,0,none,2,false,"diagnostic_tested|remediation_tested|rollback_or_irreversibility_confirmed|escalation_confirmed|time_validated|expected_result_confirmed|owner_signoff|authoritative_source_provenance|last_tested|minimum_peer_reviewers|minimum_sme_reviewers|minimum_test_records|minimum_distinct_environments|negative_path_tested"
39,escalate-a-legal-hold-or-retention-request,Escalate a legal-hold or retention request,"Data Protection, Backup & Recovery",P1,under_review,22,50,32,true,next,Next verification batch,30,none,0,none,none,,none,0,none,none,0,none,2,false,"diagnostic_tested|remediation_tested|rollback_or_irreversibility_confirmed|escalation_confirmed|time_validated|expected_result_confirmed|owner_signoff|authoritative_source_provenance|last_tested|minimum_peer_reviewers|minimum_sme_reviewers|minimum_test_records|minimum_distinct_environments|negative_path_tested"
40,grant-shared-mailbox-access,Grant shared mailbox access,Identity & Access Management,P1,under_review,22,50,32,true,next,Next verification batch,30,none,0,none,none,,none,0,none,none,0,none,2,false,"diagnostic_tested|remediation_tested|rollback_or_irreversibility_confirmed|escalation_confirmed|time_validated|expected_result_confirmed|owner_signoff|authoritative_source_provenance|last_tested|minimum_peer_reviewers|minimum_sme_reviewers|minimum_test_records|minimum_distinct_environments|negative_path_tested"
41,handle-a-sensitive-data-misdelivery,Handle a sensitive-data misdelivery,Security & Compliance,P1,under_review,22,50,32,true,next,Next verification batch,30,none,0,none,none,,none,0,none,none,0,none,2,false,"diagnostic_tested|remediation_tested|rollback_or_irreversibility_confirmed|escalation_confirmed|time_validated|expected_result_confirmed|owner_signoff|authoritative_source_provenance|last_tested|minimum_peer_reviewers|minimum_sme_reviewers|minimum_test_records|minimum_distinct_environments|negative_path_tested"
42,install-or-renew-a-mobile-certificate,Install or renew a mobile certificate,Mobile Devices & MDM,P1,under_review,22,50,32,true,next,Next verification batch,30,none,0,none,none,,none,0,none,none,0,none,2,false,"diagnostic_tested|remediation_tested|rollback_or_irreversibility_confirmed|escalation_confirmed|time_validated|expected_result_confirmed|owner_signoff|authoritative_source_provenance|last_tested|minimum_peer_reviewers|minimum_sme_reviewers|minimum_test_records|minimum_distinct_environments|negative_path_tested"
43,install-or-update-a-printer-driver,Install or update a printer driver,Printing & Scanning,P1,under_review,22,50,42,true,next,Next verification batch,30,medium,10,temporary_topic_proxy,metadata_only,printer,none,0,none,none,0,none,2,false,"diagnostic_tested|remediation_tested|rollback_or_irreversibility_confirmed|escalation_confirmed|time_validated|expected_result_confirmed|owner_signoff|authoritative_source_provenance|last_tested|minimum_peer_reviewers|minimum_sme_reviewers|minimum_test_records|minimum_distinct_environments|negative_path_tested"
44,investigate-an-antivirus-or-edr-alert,Investigate an antivirus or EDR alert,Security & Compliance,P1,under_review,22,50,32,true,next,Next verification batch,30,none,0,none,none,,none,0,none,none,0,none,2,false,"diagnostic_tested|remediation_tested|rollback_or_irreversibility_confirmed|escalation_confirmed|time_validated|expected_result_confirmed|owner_signoff|authoritative_source_provenance|last_tested|minimum_peer_reviewers|minimum_sme_reviewers|minimum_test_records|minimum_distinct_environments|negative_path_tested"
45,investigate-repeated-account-lockouts,Investigate repeated account lockouts,Identity & Access Management,P1,under_review,22,50,32,true,next,Next verification batch,30,none,0,none,none,,none,0,none,none,0,none,2,false,"diagnostic_tested|remediation_tested|rollback_or_irreversibility_confirmed|escalation_confirmed|time_validated|expected_result_confirmed|owner_signoff|authoritative_source_provenance|last_tested|minimum_peer_reviewers|minimum_sme_reviewers|minimum_test_records|minimum_distinct_environments|negative_path_tested"
46,migrate-a-user-profile,Migrate a user profile,"Data Protection, Backup & Recovery",P1,under_review,22,50,32,true,next,Next verification batch,30,none,0,none,none,,none,0,none,none,0,none,2,false,"diagnostic_tested|remediation_tested|rollback_or_irreversibility_confirmed|escalation_confirmed|time_validated|expected_result_confirmed|owner_signoff|authoritative_source_provenance|last_tested|minimum_peer_reviewers|minimum_sme_reviewers|minimum_test_records|minimum_distinct_environments|negative_path_tested"
47,perform-an-approved-remote-wipe,Perform an approved remote wipe,Mobile Devices & MDM,P1,under_review,22,50,32,true,next,Next verification batch,30,none,0,none,none,,none,0,none,none,0,none,2,false,"diagnostic_tested|remediation_tested|rollback_or_irreversibility_confirmed|escalation_confirmed|time_validated|expected_result_confirmed|owner_signoff|authoritative_source_provenance|last_tested|minimum_peer_reviewers|minimum_sme_reviewers|minimum_test_records|minimum_distinct_environments|negative_path_tested"
48,provision-a-device-with-windows-autopilot,Provision a device with Windows Autopilot,Windows Endpoints,P1,under_review,22,50,32,true,next,Next verification batch,30,none,0,none,none,,none,0,none,none,0,none,2,false,"diagnostic_tested|remediation_tested|rollback_or_irreversibility_confirmed|escalation_confirmed|time_validated|expected_result_confirmed|owner_signoff|authoritative_source_provenance|last_tested|minimum_peer_reviewers|minimum_sme_reviewers|minimum_test_records|minimum_distinct_environments|negative_path_tested"
49,provision-a-new-user-account,Provision a new user account,Identity & Access Management,P1,under_review,22,50,32,true,next,Next verification batch,30,none,0,none,none,,none,0,none,none,0,none,2,false,"diagnostic_tested|remediation_tested|rollback_or_irreversibility_confirmed|escalation_confirmed|time_validated|expected_result_confirmed|owner_signoff|authoritative_source_provenance|last_tested|minimum_peer_reviewers|minimum_sme_reviewers|minimum_test_records|minimum_distinct_environments|negative_path_tested"
50,provision-external-guest-access,Provision external guest access,Identity & Access Management,P1,under_review,22,50,32,true,next,Next verification batch,30,none,0,none,none,,none,0,none,none,0,none,2,false,"diagnostic_tested|remediation_tested|rollback_or_irreversibility_confirmed|escalation_confirmed|time_validated|expected_result_confirmed|owner_signoff|authoritative_source_provenance|last_tested|minimum_peer_reviewers|minimum_sme_reviewers|minimum_test_records|minimum_distinct_environments|negative_path_tested"
51,provision-or-change-a-phone-extension,Provision or change a phone extension,"Voice, Telephony & Meeting Rooms",P1,under_review,22,50,32,true,next,Next verification batch,30,none,0,none,none,,none,0,none,none,0,none,2,false,"diagnostic_tested|remediation_tested|rollback_or_irreversibility_confirmed|escalation_confirmed|time_validated|expected_result_confirmed|owner_signoff|authoritative_source_provenance|last_tested|minimum_peer_reviewers|minimum_sme_reviewers|minimum_test_records|minimum_distinct_environments|negative_path_tested"
52,recover-a-deleted-email,Recover a deleted email,Microsoft 365 & Collaboration,P1,under_review,22,50,32,true,next,Next verification batch,30,none,0,none,none,,none,0,none,none,0,none,2,false,"diagnostic_tested|remediation_tested|rollback_or_irreversibility_confirmed|escalation_confirmed|time_validated|expected_result_confirmed|owner_signoff|authoritative_source_provenance|last_tested|minimum_peer_reviewers|minimum_sme_reviewers|minimum_test_records|minimum_distinct_environments|negative_path_tested"
53,recover-a-device-requesting-a-bitlocker-recovery-key,Recover a device requesting a BitLocker recovery key,Windows Endpoints,P1,under_review,22,50,32,true,next,Next verification batch,30,none,0,none,none,,none,0,none,none,0,none,2,false,"diagnostic_tested|remediation_tested|rollback_or_irreversibility_confirmed|escalation_confirmed|time_validated|expected_result_confirmed|owner_signoff|authoritative_source_provenance|last_tested|minimum_peer_reviewers|minimum_sme_reviewers|minimum_test_records|minimum_distinct_environments|negative_path_tested"
54,recover-a-mac-requesting-a-filevault-recovery-key,Recover a Mac requesting a FileVault recovery key,macOS Endpoints,P1,under_review,22,50,32,true,next,Next verification batch,30,none,0,none,none,,none,0,none,none,0,none,2,false,"diagnostic_tested|remediation_tested|rollback_or_irreversibility_confirmed|escalation_confirmed|time_validated|expected_result_confirmed|owner_signoff|authoritative_source_provenance|last_tested|minimum_peer_reviewers|minimum_sme_reviewers|minimum_test_records|minimum_distinct_environments|negative_path_tested"
55,recover-access-after-a-lost-security-key,Recover access after a lost security key,Identity & Access Management,P1,under_review,22,50,32,true,next,Next verification batch,30,none,0,none,none,,none,0,none,none,0,none,2,false,"diagnostic_tested|remediation_tested|rollback_or_irreversibility_confirmed|escalation_confirmed|time_validated|expected_result_confirmed|owner_signoff|authoritative_source_provenance|last_tested|minimum_peer_reviewers|minimum_sme_reviewers|minimum_test_records|minimum_distinct_environments|negative_path_tested"
56,recover-data-from-a-failing-drive-safely,Recover data from a failing drive safely,"Data Protection, Backup & Recovery",P1,under_review,22,50,32,true,next,Next verification batch,30,none,0,none,none,,none,0,none,none,0,none,2,false,"diagnostic_tested|remediation_tested|rollback_or_irreversibility_confirmed|escalation_confirmed|time_validated|expected_result_confirmed|owner_signoff|authoritative_source_provenance|last_tested|minimum_peer_reviewers|minimum_sme_reviewers|minimum_test_records|minimum_distinct_environments|negative_path_tested"
57,release-a-legitimate-email-from-quarantine,Release a legitimate email from quarantine,Microsoft 365 & Collaboration,P1,under_review,22,50,32,true,next,Next verification batch,30,none,0,none,none,,none,0,none,none,0,none,2,false,"diagnostic_tested|remediation_tested|rollback_or_irreversibility_confirmed|escalation_confirmed|time_validated|expected_result_confirmed|owner_signoff|authoritative_source_provenance|last_tested|minimum_peer_reviewers|minimum_sme_reviewers|minimum_test_records|minimum_distinct_environments|negative_path_tested"
58,remove-an-unauthorised-browser-extension,Remove an unauthorised browser extension,Security & Compliance,P1,under_review,22,50,32,true,next,Next verification batch,30,none,0,none,none,,none,0,none,none,0,none,2,false,"diagnostic_tested|remediation_tested|rollback_or_irreversibility_confirmed|escalation_confirmed|time_validated|expected_result_confirmed|owner_signoff|authoritative_source_provenance|last_tested|minimum_peer_reviewers|minimum_sme_reviewers|minimum_test_records|minimum_distinct_environments|negative_path_tested"
59,remove-and-reinstall-a-printer-cleanly,Remove and reinstall a printer cleanly,Printing & Scanning,P1,under_review,22,50,42,true,next,Next verification batch,30,medium,10,temporary_topic_proxy,metadata_only,printer,none,0,none,none,0,none,2,false,"diagnostic_tested|remediation_tested|rollback_or_irreversibility_confirmed|escalation_confirmed|time_validated|expected_result_confirmed|owner_signoff|authoritative_source_provenance|last_tested|minimum_peer_reviewers|minimum_sme_reviewers|minimum_test_records|minimum_distinct_environments|negative_path_tested"
60,repair-a-corrupted-windows-user-profile,Repair a corrupted Windows user profile,Windows Endpoints,P1,under_review,22,50,32,true,next,Next verification batch,30,none,0,none,none,,none,0,none,none,0,none,2,false,"diagnostic_tested|remediation_tested|rollback_or_irreversibility_confirmed|escalation_confirmed|time_validated|expected_result_confirmed|owner_signoff|authoritative_source_provenance|last_tested|minimum_peer_reviewers|minimum_sme_reviewers|minimum_test_records|minimum_distinct_environments|negative_path_tested"
61,repair-a-macos-keychain-issue,Repair a macOS Keychain issue,macOS Endpoints,P1,under_review,22,50,32,true,next,Next verification batch,30,none,0,none,none,,none,0,none,none,0,none,2,false,"diagnostic_tested|remediation_tested|rollback_or_irreversibility_confirmed|escalation_confirmed|time_validated|expected_result_confirmed|owner_signoff|authoritative_source_provenance|last_tested|minimum_peer_reviewers|minimum_sme_reviewers|minimum_test_records|minimum_distinct_environments|negative_path_tested"
62,replace-a-failed-corporate-device,Replace a failed corporate device,Hardware & Peripherals,P1,under_review,22,50,32,true,next,Next verification batch,30,none,0,none,none,,none,0,none,none,0,none,2,false,"diagnostic_tested|remediation_tested|rollback_or_irreversibility_confirmed|escalation_confirmed|time_validated|expected_result_confirmed|owner_signoff|authoritative_source_provenance|last_tested|minimum_peer_reviewers|minimum_sme_reviewers|minimum_test_records|minimum_distinct_environments|negative_path_tested"
63,report-and-contain-a-phishing-email,Report and contain a phishing email,Microsoft 365 & Collaboration,P1,under_review,22,50,32,true,next,Next verification batch,30,none,0,none,none,,none,0,none,none,0,none,2,false,"diagnostic_tested|remediation_tested|rollback_or_irreversibility_confirmed|escalation_confirmed|time_validated|expected_result_confirmed|owner_signoff|authoritative_source_provenance|last_tested|minimum_peer_reviewers|minimum_sme_reviewers|minimum_test_records|minimum_distinct_environments|negative_path_tested"
64,resolve-a-conditional-access-block,Resolve a Conditional Access block,Identity & Access Management,P1,under_review,22,50,32,true,next,Next verification batch,30,none,0,none,none,,none,0,none,none,0,none,2,false,"diagnostic_tested|remediation_tested|rollback_or_irreversibility_confirmed|escalation_confirmed|time_validated|expected_result_confirmed|owner_signoff|authoritative_source_provenance|last_tested|minimum_peer_reviewers|minimum_sme_reviewers|minimum_test_records|minimum_distinct_environments|negative_path_tested"
65,resolve-a-domain-trust-relationship-failure,Resolve a domain trust relationship failure,Identity & Access Management,P1,under_review,22,50,32,true,next,Next verification batch,30,none,0,none,none,,none,0,none,none,0,none,2,false,"diagnostic_tested|remediation_tested|rollback_or_irreversibility_confirmed|escalation_confirmed|time_validated|expected_result_confirmed|owner_signoff|authoritative_source_provenance|last_tested|minimum_peer_reviewers|minimum_sme_reviewers|minimum_test_records|minimum_distinct_environments|negative_path_tested"
66,resolve-a-onedrive-sign-in-loop,Resolve a OneDrive sign-in loop,Microsoft 365 & Collaboration,P1,under_review,22,50,32,true,next,Next verification batch,30,none,0,none,none,,none,0,none,none,0,none,2,false,"diagnostic_tested|remediation_tested|rollback_or_irreversibility_confirmed|escalation_confirmed|time_validated|expected_result_confirmed|owner_signoff|authoritative_source_provenance|last_tested|minimum_peer_reviewers|minimum_sme_reviewers|minimum_test_records|minimum_distinct_environments|negative_path_tested"
67,resolve-a-patch-compliance-failure,Resolve a patch compliance failure,Windows Endpoints,P1,under_review,22,50,32,true,next,Next verification batch,30,none,0,none,none,,none,0,none,none,0,none,2,false,"diagnostic_tested|remediation_tested|rollback_or_irreversibility_confirmed|escalation_confirmed|time_validated|expected_result_confirmed|owner_signoff|authoritative_source_provenance|last_tested|minimum_peer_reviewers|minimum_sme_reviewers|minimum_test_records|minimum_distinct_environments|negative_path_tested"
68,resolve-a-temporary-windows-profile,Resolve a temporary Windows profile,Windows Endpoints,P1,under_review,22,50,32,true,next,Next verification batch,30,none,0,none,none,,none,0,none,none,0,none,2,false,"diagnostic_tested|remediation_tested|rollback_or_irreversibility_confirmed|escalation_confirmed|time_validated|expected_result_confirmed|owner_signoff|authoritative_source_provenance|last_tested|minimum_peer_reviewers|minimum_sme_reviewers|minimum_test_records|minimum_distinct_environments|negative_path_tested"
69,resolve-a-windows-service-that-will-not-start,Resolve a Windows service that will not start,Windows Endpoints,P1,under_review,22,50,32,true,next,Next verification batch,30,none,0,none,none,,none,0,none,none,0,none,2,false,"diagnostic_tested|remediation_tested|rollback_or_irreversibility_confirmed|escalation_confirmed|time_validated|expected_result_confirmed|owner_signoff|authoritative_source_provenance|last_tested|minimum_peer_reviewers|minimum_sme_reviewers|minimum_test_records|minimum_distinct_environments|negative_path_tested"
70,resolve-an-antivirus-false-positive,Resolve an antivirus false positive,Security & Compliance,P1,under_review,22,50,32,true,next,Next verification batch,30,none,0,none,none,,none,0,none,none,0,none,2,false,"diagnostic_tested|remediation_tested|rollback_or_irreversibility_confirmed|escalation_confirmed|time_validated|expected_result_confirmed|owner_signoff|authoritative_source_provenance|last_tested|minimum_peer_reviewers|minimum_sme_reviewers|minimum_test_records|minimum_distinct_environments|negative_path_tested"
71,resolve-an-application-role-assignment-failure,Resolve an application role assignment failure,Identity & Access Management,P1,under_review,22,50,32,true,next,Next verification batch,30,none,0,none,none,,none,0,none,none,0,none,2,false,"diagnostic_tested|remediation_tested|rollback_or_irreversibility_confirmed|escalation_confirmed|time_validated|expected_result_confirmed|owner_signoff|authoritative_source_provenance|last_tested|minimum_peer_reviewers|minimum_sme_reviewers|minimum_test_records|minimum_distinct_environments|negative_path_tested"
72,resolve-an-exhausted-dhcp-scope,Resolve an exhausted DHCP scope,Servers & Core Infrastructure,P1,under_review,22,50,32,true,next,Next verification batch,30,none,0,none,none,,none,0,none,none,0,none,2,false,"diagnostic_tested|remediation_tested|rollback_or_irreversibility_confirmed|escalation_confirmed|time_validated|expected_result_confirmed|owner_signoff|authoritative_source_provenance|last_tested|minimum_peer_reviewers|minimum_sme_reviewers|minimum_test_records|minimum_distinct_environments|negative_path_tested"
73,resolve-an-expired-user-certificate,Resolve an expired user certificate,Identity & Access Management,P1,under_review,22,50,32,true,next,Next verification batch,30,none,0,none,none,,none,0,none,none,0,none,2,false,"diagnostic_tested|remediation_tested|rollback_or_irreversibility_confirmed|escalation_confirmed|time_validated|expected_result_confirmed|owner_signoff|authoritative_source_provenance|last_tested|minimum_peer_reviewers|minimum_sme_reviewers|minimum_test_records|minimum_distinct_environments|negative_path_tested"
74,resolve-an-intune-compliance-failure,Resolve an Intune compliance failure,Windows Endpoints,P1,under_review,22,50,32,true,next,Next verification batch,30,none,0,none,none,,none,0,none,none,0,none,2,false,"diagnostic_tested|remediation_tested|rollback_or_irreversibility_confirmed|escalation_confirmed|time_validated|expected_result_confirmed|owner_signoff|authoritative_source_provenance|last_tested|minimum_peer_reviewers|minimum_sme_reviewers|minimum_test_records|minimum_distinct_environments|negative_path_tested"
75,resolve-blocked-office-macros-safely,Resolve blocked Office macros safely,Microsoft 365 & Collaboration,P1,under_review,22,50,32,true,next,Next verification batch,30,none,0,none,none,,none,0,none,none,0,none,2,false,"diagnostic_tested|remediation_tested|rollback_or_irreversibility_confirmed|escalation_confirmed|time_validated|expected_result_confirmed|owner_signoff|authoritative_source_provenance|last_tested|minimum_peer_reviewers|minimum_sme_reviewers|minimum_test_records|minimum_distinct_environments|negative_path_tested"
76,resolve-low-disk-space-on-a-server,Resolve low disk space on a server,Servers & Core Infrastructure,P1,under_review,22,50,32,true,next,Next verification batch,30,none,0,none,none,,none,0,none,none,0,none,2,false,"diagnostic_tested|remediation_tested|rollback_or_irreversibility_confirmed|escalation_confirmed|time_validated|expected_result_confirmed|owner_signoff|authoritative_source_provenance|last_tested|minimum_peer_reviewers|minimum_sme_reviewers|minimum_test_records|minimum_distinct_environments|negative_path_tested"
77,resolve-low-disk-space-on-linux,Resolve low disk space on Linux,Linux & Developer Workstations,P1,under_review,22,50,32,true,next,Next verification batch,30,none,0,none,none,,none,0,none,none,0,none,2,false,"diagnostic_tested|remediation_tested|rollback_or_irreversibility_confirmed|escalation_confirmed|time_validated|expected_result_confirmed|owner_signoff|authoritative_source_provenance|last_tested|minimum_peer_reviewers|minimum_sme_reviewers|minimum_test_records|minimum_distinct_environments|negative_path_tested"
78,resolve-low-disk-space-on-windows,Resolve low disk space on Windows,Windows Endpoints,P1,under_review,22,50,32,true,next,Next verification batch,30,none,0,none,none,,none,0,none,none,0,none,2,false,"diagnostic_tested|remediation_tested|rollback_or_irreversibility_confirmed|escalation_confirmed|time_validated|expected_result_confirmed|owner_signoff|authoritative_source_provenance|last_tested|minimum_peer_reviewers|minimum_sme_reviewers|minimum_test_records|minimum_distinct_environments|negative_path_tested"
79,resolve-macos-application-permission-prompts,Resolve macOS application permission prompts,macOS Endpoints,P1,under_review,22,50,32,true,next,Next verification batch,30,none,0,none,none,,none,0,none,none,0,none,2,false,"diagnostic_tested|remediation_tested|rollback_or_irreversibility_confirmed|escalation_confirmed|time_validated|expected_result_confirmed|owner_signoff|authoritative_source_provenance|last_tested|minimum_peer_reviewers|minimum_sme_reviewers|minimum_test_records|minimum_distinct_environments|negative_path_tested"
80,resolve-macos-mdm-compliance-failure,Resolve macOS MDM compliance failure,macOS Endpoints,P1,under_review,22,50,32,true,next,Next verification batch,30,none,0,none,none,,none,0,none,none,0,none,2,false,"diagnostic_tested|remediation_tested|rollback_or_irreversibility_confirmed|escalation_confirmed|time_validated|expected_result_confirmed|owner_signoff|authoritative_source_provenance|last_tested|minimum_peer_reviewers|minimum_sme_reviewers|minimum_test_records|minimum_distinct_environments|negative_path_tested"
81,resolve-mobile-device-compliance-failure,Resolve mobile-device compliance failure,Mobile Devices & MDM,P1,under_review,22,50,32,true,next,Next verification batch,30,none,0,none,none,,none,0,none,none,0,none,2,false,"diagnostic_tested|remediation_tested|rollback_or_irreversibility_confirmed|escalation_confirmed|time_validated|expected_result_confirmed|owner_signoff|authoritative_source_provenance|last_tested|minimum_peer_reviewers|minimum_sme_reviewers|minimum_test_records|minimum_distinct_environments|negative_path_tested"
82,respond-to-a-lost-or-stolen-computer,Respond to a lost or stolen computer,Security & Compliance,P1,under_review,22,50,32,true,next,Next verification batch,30,none,0,none,none,,none,0,none,none,0,none,2,false,"diagnostic_tested|remediation_tested|rollback_or_irreversibility_confirmed|escalation_confirmed|time_validated|expected_result_confirmed|owner_signoff|authoritative_source_provenance|last_tested|minimum_peer_reviewers|minimum_sme_reviewers|minimum_test_records|minimum_distinct_environments|negative_path_tested"
83,respond-to-a-lost-or-stolen-mobile-device,Respond to a lost or stolen mobile device,Mobile Devices & MDM,P1,under_review,22,50,32,true,next,Next verification batch,30,none,0,none,none,,none,0,none,none,0,none,2,false,"diagnostic_tested|remediation_tested|rollback_or_irreversibility_confirmed|escalation_confirmed|time_validated|expected_result_confirmed|owner_signoff|authoritative_source_provenance|last_tested|minimum_peer_reviewers|minimum_sme_reviewers|minimum_test_records|minimum_distinct_environments|negative_path_tested"
84,respond-to-a-malicious-or-unknown-usb-device,Respond to a malicious or unknown USB device,Security & Compliance,P1,under_review,22,50,32,true,next,Next verification batch,30,none,0,none,none,,none,0,none,none,0,none,2,false,"diagnostic_tested|remediation_tested|rollback_or_irreversibility_confirmed|escalation_confirmed|time_validated|expected_result_confirmed|owner_signoff|authoritative_source_provenance|last_tested|minimum_peer_reviewers|minimum_sme_reviewers|minimum_test_records|minimum_distinct_environments|negative_path_tested"
85,respond-to-a-suspected-phishing-message,Respond to a suspected phishing message,Security & Compliance,P1,under_review,22,50,32,true,next,Next verification batch,30,none,0,none,none,,none,0,none,none,0,none,2,false,"diagnostic_tested|remediation_tested|rollback_or_irreversibility_confirmed|escalation_confirmed|time_validated|expected_result_confirmed|owner_signoff|authoritative_source_provenance|last_tested|minimum_peer_reviewers|minimum_sme_reviewers|minimum_test_records|minimum_distinct_environments|negative_path_tested"
86,respond-to-an-expiring-tls-certificate,Respond to an expiring TLS certificate,Servers & Core Infrastructure,P1,under_review,22,50,32,true,next,Next verification batch,30,none,0,none,none,,none,0,none,none,0,none,2,false,"diagnostic_tested|remediation_tested|rollback_or_irreversibility_confirmed|escalation_confirmed|time_validated|expected_result_confirmed|owner_signoff|authoritative_source_provenance|last_tested|minimum_peer_reviewers|minimum_sme_reviewers|minimum_test_records|minimum_distinct_environments|negative_path_tested"
87,respond-to-suspicious-account-activity,Respond to suspicious account activity,Security & Compliance,P1,under_review,22,50,32,true,next,Next verification batch,30,none,0,none,none,,none,0,none,none,0,none,2,false,"diagnostic_tested|remediation_tested|rollback_or_irreversibility_confirmed|escalation_confirmed|time_validated|expected_result_confirmed|owner_signoff|authoritative_source_provenance|last_tested|minimum_peer_reviewers|minimum_sme_reviewers|minimum_test_records|minimum_distinct_environments|negative_path_tested"
88,respond-to-unauthorised-software,Respond to unauthorised software,Security & Compliance,P1,under_review,22,50,32,true,next,Next verification batch,30,none,0,none,none,,none,0,none,none,0,none,2,false,"diagnostic_tested|remediation_tested|rollback_or_irreversibility_confirmed|escalation_confirmed|time_validated|expected_result_confirmed|owner_signoff|authoritative_source_provenance|last_tested|minimum_peer_reviewers|minimum_sme_reviewers|minimum_test_records|minimum_distinct_environments|negative_path_tested"
89,restore-a-deleted-mailbox-item,Restore a deleted mailbox item,"Data Protection, Backup & Recovery",P1,under_review,22,50,32,true,next,Next verification batch,30,none,0,none,none,,none,0,none,none,0,none,2,false,"diagnostic_tested|remediation_tested|rollback_or_irreversibility_confirmed|escalation_confirmed|time_validated|expected_result_confirmed|owner_signoff|authoritative_source_provenance|last_tested|minimum_peer_reviewers|minimum_sme_reviewers|minimum_test_records|minimum_distinct_environments|negative_path_tested"
90,restore-a-file-from-enterprise-backup,Restore a file from enterprise backup,"Data Protection, Backup & Recovery",P1,under_review,22,50,32,true,next,Next verification batch,30,none,0,none,none,,none,0,none,none,0,none,2,false,"diagnostic_tested|remediation_tested|rollback_or_irreversibility_confirmed|escalation_confirmed|time_validated|expected_result_confirmed|owner_signoff|authoritative_source_provenance|last_tested|minimum_peer_reviewers|minimum_sme_reviewers|minimum_test_records|minimum_distinct_environments|negative_path_tested"
91,restore-a-google-drive-file-version,Restore a Google Drive file version,Google Workspace & Web Collaboration,P1,under_review,22,50,32,true,next,Next verification batch,30,none,0,none,none,,none,0,none,none,0,none,2,false,"diagnostic_tested|remediation_tested|rollback_or_irreversibility_confirmed|escalation_confirmed|time_validated|expected_result_confirmed|owner_signoff|authoritative_source_provenance|last_tested|minimum_peer_reviewers|minimum_sme_reviewers|minimum_test_records|minimum_distinct_environments|negative_path_tested"
92,restore-a-onedrive-or-sharepoint-version,Restore a OneDrive or SharePoint version,"Data Protection, Backup & Recovery",P1,under_review,22,50,32,true,next,Next verification batch,30,none,0,none,none,,none,0,none,none,0,none,2,false,"diagnostic_tested|remediation_tested|rollback_or_irreversibility_confirmed|escalation_confirmed|time_validated|expected_result_confirmed|owner_signoff|authoritative_source_provenance|last_tested|minimum_peer_reviewers|minimum_sme_reviewers|minimum_test_records|minimum_distinct_environments|negative_path_tested"
93,restore-a-sharepoint-file-version,Restore a SharePoint file version,Microsoft 365 & Collaboration,P1,under_review,22,50,32,true,next,Next verification batch,30,none,0,none,none,,none,0,none,none,0,none,2,false,"diagnostic_tested|remediation_tested|rollback_or_irreversibility_confirmed|escalation_confirmed|time_validated|expected_result_confirmed|owner_signoff|authoritative_source_provenance|last_tested|minimum_peer_reviewers|minimum_sme_reviewers|minimum_test_records|minimum_distinct_environments|negative_path_tested"
94,restore-access-to-a-departmental-share,Restore access to a departmental share,Servers & Core Infrastructure,P1,under_review,22,50,32,true,next,Next verification batch,30,none,0,none,none,,none,0,none,none,0,none,2,false,"diagnostic_tested|remediation_tested|rollback_or_irreversibility_confirmed|escalation_confirmed|time_validated|expected_result_confirmed|owner_signoff|authoritative_source_provenance|last_tested|minimum_peer_reviewers|minimum_sme_reviewers|minimum_test_records|minimum_distinct_environments|negative_path_tested"
95,restore-an-earlier-onedrive-file-version,Restore an earlier OneDrive file version,Microsoft 365 & Collaboration,P1,under_review,22,50,32,true,next,Next verification batch,30,none,0,none,none,,none,0,none,none,0,none,2,false,"diagnostic_tested|remediation_tested|rollback_or_irreversibility_confirmed|escalation_confirmed|time_validated|expected_result_confirmed|owner_signoff|authoritative_source_provenance|last_tested|minimum_peer_reviewers|minimum_sme_reviewers|minimum_test_records|minimum_distinct_environments|negative_path_tested"
96,review-privileged-access-activation-failure,Review privileged access activation failure,Identity & Access Management,P1,under_review,22,50,32,true,next,Next verification batch,30,none,0,none,none,,none,0,none,none,0,none,2,false,"diagnostic_tested|remediation_tested|rollback_or_irreversibility_confirmed|escalation_confirmed|time_validated|expected_result_confirmed|owner_signoff|authoritative_source_provenance|last_tested|minimum_peer_reviewers|minimum_sme_reviewers|minimum_test_records|minimum_distinct_environments|negative_path_tested"
97,set-or-repair-the-default-printer,Set or repair the default printer,Printing & Scanning,P1,under_review,22,50,42,true,next,Next verification batch,30,medium,10,temporary_topic_proxy,metadata_only,printer,none,0,none,none,0,none,2,false,"diagnostic_tested|remediation_tested|rollback_or_irreversibility_confirmed|escalation_confirmed|time_validated|expected_result_confirmed|owner_signoff|authoritative_source_provenance|last_tested|minimum_peer_reviewers|minimum_sme_reviewers|minimum_test_records|minimum_distinct_environments|negative_path_tested"
98,triage-a-dhcp-service-issue,Triage a DHCP service issue,Servers & Core Infrastructure,P1,under_review,22,50,32,true,next,Next verification batch,30,none,0,none,none,,none,0,none,none,0,none,2,false,"diagnostic_tested|remediation_tested|rollback_or_irreversibility_confirmed|escalation_confirmed|time_validated|expected_result_confirmed|owner_signoff|authoritative_source_provenance|last_tested|minimum_peer_reviewers|minimum_sme_reviewers|minimum_test_records|minimum_distinct_environments|negative_path_tested"
99,triage-a-windows-server-that-is-unreachable,Triage a Windows Server that is unreachable,Servers & Core Infrastructure,P1,under_review,22,50,32,true,next,Next verification batch,30,none,0,none,none,,none,0,none,none,0,none,2,false,"diagnostic_tested|remediation_tested|rollback_or_irreversibility_confirmed|escalation_confirmed|time_validated|expected_result_confirmed|owner_signoff|authoritative_source_provenance|last_tested|minimum_peer_reviewers|minimum_sme_reviewers|minimum_test_records|minimum_distinct_environments|negative_path_tested"
100,troubleshoot-a-browser-certificate-warning,Troubleshoot a browser certificate warning,Security & Compliance,P1,under_review,22,50,32,true,next,Next verification batch,30,none,0,none,none,,none,0,none,none,0,none,2,false,"diagnostic_tested|remediation_tested|rollback_or_irreversibility_confirmed|escalation_confirmed|time_validated|expected_result_confirmed|owner_signoff|authoritative_source_provenance|last_tested|minimum_peer_reviewers|minimum_sme_reviewers|minimum_test_records|minimum_distinct_environments|negative_path_tested"
101,troubleshoot-a-browser-proxy-certificate,Troubleshoot a browser proxy certificate,Business Applications & Browsers,P1,under_review,22,50,32,true,next,Next verification batch,30,none,0,none,none,,none,0,none,none,0,none,2,false,"diagnostic_tested|remediation_tested|rollback_or_irreversibility_confirmed|escalation_confirmed|time_validated|expected_result_confirmed|owner_signoff|authoritative_source_provenance|last_tested|minimum_peer_reviewers|minimum_sme_reviewers|minimum_test_records|minimum_distinct_environments|negative_path_tested"
102,troubleshoot-a-business-application-sign-in,Troubleshoot a business application sign-in,Business Applications & Browsers,P1,under_review,22,50,32,true,next,Next verification batch,30,none,0,none,none,,none,0,none,none,0,none,2,false,"diagnostic_tested|remediation_tested|rollback_or_irreversibility_confirmed|escalation_confirmed|time_validated|expected_result_confirmed|owner_signoff|authoritative_source_provenance|last_tested|minimum_peer_reviewers|minimum_sme_reviewers|minimum_test_records|minimum_distinct_environments|negative_path_tested"
103,troubleshoot-a-certificate-on-macos,Troubleshoot a certificate on macOS,macOS Endpoints,P1,under_review,22,50,32,true,next,Next verification batch,30,none,0,none,none,,none,0,none,none,0,none,2,false,"diagnostic_tested|remediation_tested|rollback_or_irreversibility_confirmed|escalation_confirmed|time_validated|expected_result_confirmed|owner_signoff|authoritative_source_provenance|last_tested|minimum_peer_reviewers|minimum_sme_reviewers|minimum_test_records|minimum_distinct_environments|negative_path_tested"
104,troubleshoot-a-conference-room-camera,Troubleshoot a conference-room camera,"Voice, Telephony & Meeting Rooms",P1,under_review,22,50,42,true,next,Next verification batch,30,medium,10,temporary_topic_proxy,metadata_only,camera,none,0,none,none,0,none,2,false,"diagnostic_tested|remediation_tested|rollback_or_irreversibility_confirmed|escalation_confirmed|time_validated|expected_result_confirmed|owner_signoff|authoritative_source_provenance|last_tested|minimum_peer_reviewers|minimum_sme_reviewers|minimum_test_records|minimum_distinct_environments|negative_path_tested"
105,troubleshoot-a-conference-room-display,Troubleshoot a conference-room display,"Voice, Telephony & Meeting Rooms",P1,under_review,22,50,32,true,next,Next verification batch,30,none,0,none,none,,none,0,none,none,0,none,2,false,"diagnostic_tested|remediation_tested|rollback_or_irreversibility_confirmed|escalation_confirmed|time_validated|expected_result_confirmed|owner_signoff|authoritative_source_provenance|last_tested|minimum_peer_reviewers|minimum_sme_reviewers|minimum_test_records|minimum_distinct_environments|negative_path_tested"
106,troubleshoot-a-container-runtime,Troubleshoot a container runtime,Linux & Developer Workstations,P1,under_review,22,50,32,true,next,Next verification batch,30,none,0,none,none,,none,0,none,none,0,none,2,false,"diagnostic_tested|remediation_tested|rollback_or_irreversibility_confirmed|escalation_confirmed|time_validated|expected_result_confirmed|owner_signoff|authoritative_source_provenance|last_tested|minimum_peer_reviewers|minimum_sme_reviewers|minimum_test_records|minimum_distinct_environments|negative_path_tested"
107,troubleshoot-a-crm-client,Troubleshoot a CRM client,Business Applications & Browsers,P1,under_review,22,50,32,true,next,Next verification batch,30,none,0,none,none,,none,0,none,none,0,none,2,false,"diagnostic_tested|remediation_tested|rollback_or_irreversibility_confirmed|escalation_confirmed|time_validated|expected_result_confirmed|owner_signoff|authoritative_source_provenance|last_tested|minimum_peer_reviewers|minimum_sme_reviewers|minimum_test_records|minimum_distinct_environments|negative_path_tested"
108,troubleshoot-a-desktop-with-no-power,Troubleshoot a desktop with no power,Hardware & Peripherals,P1,under_review,22,50,32,true,next,Next verification batch,30,none,0,none,none,,none,0,none,none,0,none,2,false,"diagnostic_tested|remediation_tested|rollback_or_irreversibility_confirmed|escalation_confirmed|time_validated|expected_result_confirmed|owner_signoff|authoritative_source_provenance|last_tested|minimum_peer_reviewers|minimum_sme_reviewers|minimum_test_records|minimum_distinct_environments|negative_path_tested"
109,troubleshoot-a-developer-ide,Troubleshoot a developer IDE,Linux & Developer Workstations,P1,under_review,22,50,32,true,next,Next verification batch,30,none,0,none,none,,none,0,none,none,0,none,2,false,"diagnostic_tested|remediation_tested|rollback_or_irreversibility_confirmed|escalation_confirmed|time_validated|expected_result_confirmed|owner_signoff|authoritative_source_provenance|last_tested|minimum_peer_reviewers|minimum_sme_reviewers|minimum_test_records|minimum_distinct_environments|negative_path_tested"
110,troubleshoot-a-development-proxy,Troubleshoot a development proxy,Linux & Developer Workstations,P1,under_review,22,50,32,true,next,Next verification batch,30,none,0,none,none,,none,0,none,none,0,none,2,false,"diagnostic_tested|remediation_tested|rollback_or_irreversibility_confirmed|escalation_confirmed|time_validated|expected_result_confirmed|owner_signoff|authoritative_source_provenance|last_tested|minimum_peer_reviewers|minimum_sme_reviewers|minimum_test_records|minimum_distinct_environments|negative_path_tested"
111,troubleshoot-a-docking-station-display-issue,Troubleshoot a docking station display issue,Hardware & Peripherals,P1,under_review,22,50,42,true,next,Next verification batch,30,medium,10,temporary_topic_proxy,metadata_only,docking,none,0,none,none,0,none,2,false,"diagnostic_tested|remediation_tested|rollback_or_irreversibility_confirmed|escalation_confirmed|time_validated|expected_result_confirmed|owner_signoff|authoritative_source_provenance|last_tested|minimum_peer_reviewers|minimum_sme_reviewers|minimum_test_records|minimum_distinct_environments|negative_path_tested"
112,troubleshoot-a-docking-station-power-issue,Troubleshoot a docking station power issue,Hardware & Peripherals,P1,under_review,22,50,42,true,next,Next verification batch,30,medium,10,temporary_topic_proxy,metadata_only,docking,none,0,none,none,0,none,2,false,"diagnostic_tested|remediation_tested|rollback_or_irreversibility_confirmed|escalation_confirmed|time_validated|expected_result_confirmed|owner_signoff|authoritative_source_provenance|last_tested|minimum_peer_reviewers|minimum_sme_reviewers|minimum_test_records|minimum_distinct_environments|negative_path_tested"
113,troubleshoot-a-failed-endpoint-backup,Troubleshoot a failed endpoint backup,"Data Protection, Backup & Recovery",P1,under_review,22,50,32,true,next,Next verification batch,30,none,0,none,none,,none,0,none,none,0,none,2,false,"diagnostic_tested|remediation_tested|rollback_or_irreversibility_confirmed|escalation_confirmed|time_validated|expected_result_confirmed|owner_signoff|authoritative_source_provenance|last_tested|minimum_peer_reviewers|minimum_sme_reviewers|minimum_test_records|minimum_distinct_environments|negative_path_tested"
114,troubleshoot-a-failed-keyboard,Troubleshoot a failed keyboard,Hardware & Peripherals,P1,under_review,22,50,32,true,next,Next verification batch,30,none,0,none,none,,none,0,none,none,0,none,2,false,"diagnostic_tested|remediation_tested|rollback_or_irreversibility_confirmed|escalation_confirmed|time_validated|expected_result_confirmed|owner_signoff|authoritative_source_provenance|last_tested|minimum_peer_reviewers|minimum_sme_reviewers|minimum_test_records|minimum_distinct_environments|negative_path_tested"
115,troubleshoot-a-failed-mouse-or-pointing-device,Troubleshoot a failed mouse or pointing device,Hardware & Peripherals,P1,under_review,22,50,32,true,next,Next verification batch,30,none,0,none,none,,none,0,none,none,0,none,2,false,"diagnostic_tested|remediation_tested|rollback_or_irreversibility_confirmed|escalation_confirmed|time_validated|expected_result_confirmed|owner_signoff|authoritative_source_provenance|last_tested|minimum_peer_reviewers|minimum_sme_reviewers|minimum_test_records|minimum_distinct_environments|negative_path_tested"
116,troubleshoot-a-failed-scheduled-task,Troubleshoot a failed scheduled task,Servers & Core Infrastructure,P1,under_review,22,50,32,true,next,Next verification batch,30,none,0,none,none,,none,0,none,none,0,none,2,false,"diagnostic_tested|remediation_tested|rollback_or_irreversibility_confirmed|escalation_confirmed|time_validated|expected_result_confirmed|owner_signoff|authoritative_source_provenance|last_tested|minimum_peer_reviewers|minimum_sme_reviewers|minimum_test_records|minimum_distinct_environments|negative_path_tested"
117,troubleshoot-a-failed-server-backup,Troubleshoot a failed server backup,"Data Protection, Backup & Recovery",P1,under_review,22,50,32,true,next,Next verification batch,30,none,0,none,none,,none,0,none,none,0,none,2,false,"diagnostic_tested|remediation_tested|rollback_or_irreversibility_confirmed|escalation_confirmed|time_validated|expected_result_confirmed|owner_signoff|authoritative_source_provenance|last_tested|minimum_peer_reviewers|minimum_sme_reviewers|minimum_test_records|minimum_distinct_environments|negative_path_tested"
118,troubleshoot-a-failed-systemd-service,Troubleshoot a failed systemd service,Linux & Developer Workstations,P1,under_review,22,50,32,true,next,Next verification batch,30,none,0,none,none,,none,0,none,none,0,none,2,false,"diagnostic_tested|remediation_tested|rollback_or_irreversibility_confirmed|escalation_confirmed|time_validated|expected_result_confirmed|owner_signoff|authoritative_source_provenance|last_tested|minimum_peer_reviewers|minimum_sme_reviewers|minimum_test_records|minimum_distinct_environments|negative_path_tested"
119,troubleshoot-a-git-repository-clone,Troubleshoot a Git repository clone,Linux & Developer Workstations,P1,under_review,22,50,32,true,next,Next verification batch,30,none,0,none,none,,none,0,none,none,0,none,2,false,"diagnostic_tested|remediation_tested|rollback_or_irreversibility_confirmed|escalation_confirmed|time_validated|expected_result_confirmed|owner_signoff|authoritative_source_provenance|last_tested|minimum_peer_reviewers|minimum_sme_reviewers|minimum_test_records|minimum_distinct_environments|negative_path_tested"
120,troubleshoot-a-headset,Troubleshoot a headset,Hardware & Peripherals,P1,under_review,22,50,32,true,next,Next verification batch,30,none,0,none,none,,none,0,none,none,0,none,2,false,"diagnostic_tested|remediation_tested|rollback_or_irreversibility_confirmed|escalation_confirmed|time_validated|expected_result_confirmed|owner_signoff|authoritative_source_provenance|last_tested|minimum_peer_reviewers|minimum_sme_reviewers|minimum_test_records|minimum_distinct_environments|negative_path_tested"
121,troubleshoot-a-java-based-business-application,Troubleshoot a Java-based business application,Business Applications & Browsers,P1,under_review,22,50,32,true,next,Next verification batch,30,none,0,none,none,,none,0,none,none,0,none,2,false,"diagnostic_tested|remediation_tested|rollback_or_irreversibility_confirmed|escalation_confirmed|time_validated|expected_result_confirmed|owner_signoff|authoritative_source_provenance|last_tested|minimum_peer_reviewers|minimum_sme_reviewers|minimum_test_records|minimum_distinct_environments|negative_path_tested"
122,troubleshoot-a-label-printer,Troubleshoot a label printer,Printing & Scanning,P1,under_review,22,50,42,true,next,Next verification batch,30,medium,10,temporary_topic_proxy,metadata_only,printer,none,0,none,none,0,none,2,false,"diagnostic_tested|remediation_tested|rollback_or_irreversibility_confirmed|escalation_confirmed|time_validated|expected_result_confirmed|owner_signoff|authoritative_source_provenance|last_tested|minimum_peer_reviewers|minimum_sme_reviewers|minimum_test_records|minimum_distinct_environments|negative_path_tested"
123,troubleshoot-a-laptop-display-with-no-image,Troubleshoot a laptop display with no image,Hardware & Peripherals,P1,under_review,22,50,32,true,next,Next verification batch,30,none,0,none,none,,none,0,none,none,0,none,2,false,"diagnostic_tested|remediation_tested|rollback_or_irreversibility_confirmed|escalation_confirmed|time_validated|expected_result_confirmed|owner_signoff|authoritative_source_provenance|last_tested|minimum_peer_reviewers|minimum_sme_reviewers|minimum_test_records|minimum_distinct_environments|negative_path_tested"
124,troubleshoot-a-local-development-port-conflict,Troubleshoot a local development port conflict,Linux & Developer Workstations,P1,under_review,22,50,32,true,next,Next verification batch,30,none,0,none,none,,none,0,none,none,0,none,2,false,"diagnostic_tested|remediation_tested|rollback_or_irreversibility_confirmed|escalation_confirmed|time_validated|expected_result_confirmed|owner_signoff|authoritative_source_provenance|last_tested|minimum_peer_reviewers|minimum_sme_reviewers|minimum_test_records|minimum_distinct_environments|negative_path_tested"
125,troubleshoot-a-mobile-work-profile,Troubleshoot a mobile work profile,Mobile Devices & MDM,P1,under_review,22,50,32,true,next,Next verification batch,30,none,0,none,none,,none,0,none,none,0,none,2,false,"diagnostic_tested|remediation_tested|rollback_or_irreversibility_confirmed|escalation_confirmed|time_validated|expected_result_confirmed|owner_signoff|authoritative_source_provenance|last_tested|minimum_peer_reviewers|minimum_sme_reviewers|minimum_test_records|minimum_distinct_environments|negative_path_tested"
126,troubleshoot-a-pdf-that-will-not-open,Troubleshoot a PDF that will not open,Business Applications & Browsers,P1,under_review,22,50,32,true,next,Next verification batch,30,none,0,none,none,,none,0,none,none,0,none,2,false,"diagnostic_tested|remediation_tested|rollback_or_irreversibility_confirmed|escalation_confirmed|time_validated|expected_result_confirmed|owner_signoff|authoritative_source_provenance|last_tested|minimum_peer_reviewers|minimum_sme_reviewers|minimum_test_records|minimum_distinct_environments|negative_path_tested"
127,troubleshoot-a-print-server-outage,Troubleshoot a print server outage,Printing & Scanning,P1,under_review,22,50,42,true,next,Next verification batch,30,medium,10,temporary_topic_proxy,metadata_only,printing,none,0,none,none,0,none,2,false,"diagnostic_tested|remediation_tested|rollback_or_irreversibility_confirmed|escalation_confirmed|time_validated|expected_result_confirmed|owner_signoff|authoritative_source_provenance|last_tested|minimum_peer_reviewers|minimum_sme_reviewers|minimum_test_records|minimum_distinct_environments|negative_path_tested"
128,troubleshoot-a-room-mailbox,Troubleshoot a room mailbox,Microsoft 365 & Collaboration,P1,under_review,22,50,32,true,next,Next verification batch,30,none,0,none,none,,none,0,none,none,0,none,2,false,"diagnostic_tested|remediation_tested|rollback_or_irreversibility_confirmed|escalation_confirmed|time_validated|expected_result_confirmed|owner_signoff|authoritative_source_provenance|last_tested|minimum_peer_reviewers|minimum_sme_reviewers|minimum_test_records|minimum_distinct_environments|negative_path_tested"
129,troubleshoot-a-saml-application-error,Troubleshoot a SAML application error,Business Applications & Browsers,P1,under_review,22,50,32,true,next,Next verification batch,30,none,0,none,none,,none,0,none,none,0,none,2,false,"diagnostic_tested|remediation_tested|rollback_or_irreversibility_confirmed|escalation_confirmed|time_validated|expected_result_confirmed|owner_signoff|authoritative_source_provenance|last_tested|minimum_peer_reviewers|minimum_sme_reviewers|minimum_test_records|minimum_distinct_environments|negative_path_tested"
130,troubleshoot-a-scanner-not-detected,Troubleshoot a scanner not detected,Printing & Scanning,P1,under_review,22,50,42,true,next,Next verification batch,30,medium,10,temporary_topic_proxy,metadata_only,printing,none,0,none,none,0,none,2,false,"diagnostic_tested|remediation_tested|rollback_or_irreversibility_confirmed|escalation_confirmed|time_validated|expected_result_confirmed|owner_signoff|authoritative_source_provenance|last_tested|minimum_peer_reviewers|minimum_sme_reviewers|minimum_test_records|minimum_distinct_environments|negative_path_tested"
131,troubleshoot-a-service-account,Troubleshoot a service account,Identity & Access Management,P1,under_review,22,50,32,true,next,Next verification batch,30,none,0,none,none,,none,0,none,none,0,none,2,false,"diagnostic_tested|remediation_tested|rollback_or_irreversibility_confirmed|escalation_confirmed|time_validated|expected_result_confirmed|owner_signoff|authoritative_source_provenance|last_tested|minimum_peer_reviewers|minimum_sme_reviewers|minimum_test_records|minimum_distinct_environments|negative_path_tested"
132,troubleshoot-a-shared-mailbox,Troubleshoot a shared mailbox,Microsoft 365 & Collaboration,P1,under_review,22,50,32,true,next,Next verification batch,30,none,0,none,none,,none,0,none,none,0,none,2,false,"diagnostic_tested|remediation_tested|rollback_or_irreversibility_confirmed|escalation_confirmed|time_validated|expected_result_confirmed|owner_signoff|authoritative_source_provenance|last_tested|minimum_peer_reviewers|minimum_sme_reviewers|minimum_test_records|minimum_distinct_environments|negative_path_tested"
133,troubleshoot-a-stopped-windows-server-service,Troubleshoot a stopped Windows Server service,Servers & Core Infrastructure,P1,under_review,22,50,32,true,next,Next verification batch,30,none,0,none,none,,none,0,none,none,0,none,2,false,"diagnostic_tested|remediation_tested|rollback_or_irreversibility_confirmed|escalation_confirmed|time_validated|expected_result_confirmed|owner_signoff|authoritative_source_provenance|last_tested|minimum_peer_reviewers|minimum_sme_reviewers|minimum_test_records|minimum_distinct_environments|negative_path_tested"
134,troubleshoot-a-usb-peripheral,Troubleshoot a USB peripheral,Hardware & Peripherals,P1,under_review,22,50,32,true,next,Next verification batch,30,none,0,none,none,,none,0,none,none,0,none,2,false,"diagnostic_tested|remediation_tested|rollback_or_irreversibility_confirmed|escalation_confirmed|time_validated|expected_result_confirmed|owner_signoff|authoritative_source_provenance|last_tested|minimum_peer_reviewers|minimum_sme_reviewers|minimum_test_records|minimum_distinct_environments|negative_path_tested"
135,troubleshoot-a-vdi-profile-issue,Troubleshoot a VDI profile issue,"Remote Access, VDI & DaaS",P1,under_review,22,50,32,true,next,Next verification batch,30,none,0,none,none,,none,0,none,none,0,none,2,false,"diagnostic_tested|remediation_tested|rollback_or_irreversibility_confirmed|escalation_confirmed|time_validated|expected_result_confirmed|owner_signoff|authoritative_source_provenance|last_tested|minimum_peer_reviewers|minimum_sme_reviewers|minimum_test_records|minimum_distinct_environments|negative_path_tested"
136,troubleshoot-a-webcam-on-windows,Troubleshoot a webcam on Windows,Windows Endpoints,P1,under_review,22,50,32,true,next,Next verification batch,30,none,0,none,none,,none,0,none,none,0,none,2,false,"diagnostic_tested|remediation_tested|rollback_or_irreversibility_confirmed|escalation_confirmed|time_validated|expected_result_confirmed|owner_signoff|authoritative_source_provenance|last_tested|minimum_peer_reviewers|minimum_sme_reviewers|minimum_test_records|minimum_distinct_environments|negative_path_tested"
137,troubleshoot-a-windows-certificate-service-request,Troubleshoot a Windows certificate service request,Servers & Core Infrastructure,P1,under_review,22,50,32,true,next,Next verification batch,30,none,0,none,none,,none,0,none,none,0,none,2,false,"diagnostic_tested|remediation_tested|rollback_or_irreversibility_confirmed|escalation_confirmed|time_validated|expected_result_confirmed|owner_signoff|authoritative_source_provenance|last_tested|minimum_peer_reviewers|minimum_sme_reviewers|minimum_test_records|minimum_distinct_environments|negative_path_tested"
138,troubleshoot-a-windows-device-that-will-not-power-on,Troubleshoot a Windows device that will not power on,Windows Endpoints,P1,under_review,22,50,32,true,next,Next verification batch,30,none,0,none,none,,none,0,none,none,0,none,2,false,"diagnostic_tested|remediation_tested|rollback_or_irreversibility_confirmed|escalation_confirmed|time_validated|expected_result_confirmed|owner_signoff|authoritative_source_provenance|last_tested|minimum_peer_reviewers|minimum_sme_reviewers|minimum_test_records|minimum_distinct_environments|negative_path_tested"
139,troubleshoot-a-windows-update-failure,Troubleshoot a Windows Update failure,Windows Endpoints,P1,under_review,22,50,32,true,next,Next verification batch,30,none,0,none,none,,none,0,none,none,0,none,2,false,"diagnostic_tested|remediation_tested|rollback_or_irreversibility_confirmed|escalation_confirmed|time_validated|expected_result_confirmed|owner_signoff|authoritative_source_provenance|last_tested|minimum_peer_reviewers|minimum_sme_reviewers|minimum_test_records|minimum_distinct_environments|negative_path_tested"
140,troubleshoot-adobe-acrobat-sign-in,Troubleshoot Adobe Acrobat sign-in,Business Applications & Browsers,P1,under_review,22,50,32,true,next,Next verification batch,30,none,0,none,none,,none,0,none,none,0,none,2,false,"diagnostic_tested|remediation_tested|rollback_or_irreversibility_confirmed|escalation_confirmed|time_validated|expected_result_confirmed|owner_signoff|authoritative_source_provenance|last_tested|minimum_peer_reviewers|minimum_sme_reviewers|minimum_test_records|minimum_distinct_environments|negative_path_tested"
141,troubleshoot-an-application-that-will-not-install,Troubleshoot an application that will not install,Windows Endpoints,P1,under_review,22,50,32,true,next,Next verification batch,30,none,0,none,none,,none,0,none,none,0,none,2,false,"diagnostic_tested|remediation_tested|rollback_or_irreversibility_confirmed|escalation_confirmed|time_validated|expected_result_confirmed|owner_signoff|authoritative_source_provenance|last_tested|minimum_peer_reviewers|minimum_sme_reviewers|minimum_test_records|minimum_distinct_environments|negative_path_tested"
142,troubleshoot-an-application-timeout,Troubleshoot an application timeout,Business Applications & Browsers,P1,under_review,22,50,32,true,next,Next verification batch,30,none,0,none,none,,none,0,none,none,0,none,2,false,"diagnostic_tested|remediation_tested|rollback_or_irreversibility_confirmed|escalation_confirmed|time_validated|expected_result_confirmed|owner_signoff|authoritative_source_provenance|last_tested|minimum_peer_reviewers|minimum_sme_reviewers|minimum_test_records|minimum_distinct_environments|negative_path_tested"
143,troubleshoot-an-aws-ec2-instance-that-is-unreachable,Troubleshoot an AWS EC2 instance that is unreachable,Cloud & Virtualisation,P1,under_review,22,50,32,true,next,Next verification batch,30,none,0,none,none,,none,0,none,none,0,none,2,false,"diagnostic_tested|remediation_tested|rollback_or_irreversibility_confirmed|escalation_confirmed|time_validated|expected_result_confirmed|owner_signoff|authoritative_source_provenance|last_tested|minimum_peer_reviewers|minimum_sme_reviewers|minimum_test_records|minimum_distinct_environments|negative_path_tested"
144,troubleshoot-an-azure-virtual-machine-that-is-unreachable,Troubleshoot an Azure virtual machine that is unreachable,Cloud & Virtualisation,P1,under_review,22,50,32,true,next,Next verification batch,30,none,0,none,none,,none,0,none,none,0,none,2,false,"diagnostic_tested|remediation_tested|rollback_or_irreversibility_confirmed|escalation_confirmed|time_validated|expected_result_confirmed|owner_signoff|authoritative_source_provenance|last_tested|minimum_peer_reviewers|minimum_sme_reviewers|minimum_test_records|minimum_distinct_environments|negative_path_tested"
145,troubleshoot-an-electronic-signature-workflow,Troubleshoot an electronic-signature workflow,Business Applications & Browsers,P1,under_review,22,50,32,true,next,Next verification batch,30,none,0,none,none,,none,0,none,none,0,none,2,false,"diagnostic_tested|remediation_tested|rollback_or_irreversibility_confirmed|escalation_confirmed|time_validated|expected_result_confirmed|owner_signoff|authoritative_source_provenance|last_tested|minimum_peer_reviewers|minimum_sme_reviewers|minimum_test_records|minimum_distinct_environments|negative_path_tested"
146,troubleshoot-an-erp-client,Troubleshoot an ERP client,Business Applications & Browsers,P1,under_review,22,50,32,true,next,Next verification batch,30,none,0,none,none,,none,0,none,none,0,none,2,false,"diagnostic_tested|remediation_tested|rollback_or_irreversibility_confirmed|escalation_confirmed|time_validated|expected_result_confirmed|owner_signoff|authoritative_source_provenance|last_tested|minimum_peer_reviewers|minimum_sme_reviewers|minimum_test_records|minimum_distinct_environments|negative_path_tested"
147,troubleshoot-an-external-display-on-macos,Troubleshoot an external display on macOS,macOS Endpoints,P1,under_review,22,50,32,true,next,Next verification batch,30,none,0,none,none,,none,0,none,none,0,none,2,false,"diagnostic_tested|remediation_tested|rollback_or_irreversibility_confirmed|escalation_confirmed|time_validated|expected_result_confirmed|owner_signoff|authoritative_source_provenance|last_tested|minimum_peer_reviewers|minimum_sme_reviewers|minimum_test_records|minimum_distinct_environments|negative_path_tested"
148,troubleshoot-an-external-monitor,Troubleshoot an external monitor,Windows Endpoints,P1,under_review,22,50,32,true,next,Next verification batch,30,none,0,none,none,,none,0,none,none,0,none,2,false,"diagnostic_tested|remediation_tested|rollback_or_irreversibility_confirmed|escalation_confirmed|time_validated|expected_result_confirmed|owner_signoff|authoritative_source_provenance|last_tested|minimum_peer_reviewers|minimum_sme_reviewers|minimum_test_records|minimum_distinct_environments|negative_path_tested"
149,troubleshoot-an-external-monitor-with-no-signal,Troubleshoot an external monitor with no signal,Hardware & Peripherals,P1,under_review,22,50,32,true,next,Next verification batch,30,none,0,none,none,,none,0,none,none,0,none,2,false,"diagnostic_tested|remediation_tested|rollback_or_irreversibility_confirmed|escalation_confirmed|time_validated|expected_result_confirmed|owner_signoff|authoritative_source_provenance|last_tested|minimum_peer_reviewers|minimum_sme_reviewers|minimum_test_records|minimum_distinct_environments|negative_path_tested"
150,troubleshoot-an-http-403-error,Troubleshoot an HTTP 403 error,Business Applications & Browsers,P1,under_review,22,50,32,true,next,Next verification batch,30,none,0,none,none,,none,0,none,none,0,none,2,false,"diagnostic_tested|remediation_tested|rollback_or_irreversibility_confirmed|escalation_confirmed|time_validated|expected_result_confirmed|owner_signoff|authoritative_source_provenance|last_tested|minimum_peer_reviewers|minimum_sme_reviewers|minimum_test_records|minimum_distinct_environments|negative_path_tested"
151,troubleshoot-an-http-404-error,Troubleshoot an HTTP 404 error,Business Applications & Browsers,P1,under_review,22,50,32,true,next,Next verification batch,30,none,0,none,none,,none,0,none,none,0,none,2,false,"diagnostic_tested|remediation_tested|rollback_or_irreversibility_confirmed|escalation_confirmed|time_validated|expected_result_confirmed|owner_signoff|authoritative_source_provenance|last_tested|minimum_peer_reviewers|minimum_sme_reviewers|minimum_test_records|minimum_distinct_environments|negative_path_tested"
152,troubleshoot-an-http-500-error,Troubleshoot an HTTP 500 error,Business Applications & Browsers,P1,under_review,22,50,32,true,next,Next verification batch,30,none,0,none,none,,none,0,none,none,0,none,2,false,"diagnostic_tested|remediation_tested|rollback_or_irreversibility_confirmed|escalation_confirmed|time_validated|expected_result_confirmed|owner_signoff|authoritative_source_provenance|last_tested|minimum_peer_reviewers|minimum_sme_reviewers|minimum_test_records|minimum_distinct_environments|negative_path_tested"
153,troubleshoot-application-printing,Troubleshoot application printing,Business Applications & Browsers,P1,under_review,22,50,42,true,next,Next verification batch,30,medium,10,temporary_topic_proxy,metadata_only,printing,none,0,none,none,0,none,2,false,"diagnostic_tested|remediation_tested|rollback_or_irreversibility_confirmed|escalation_confirmed|time_validated|expected_result_confirmed|owner_signoff|authoritative_source_provenance|last_tested|minimum_peer_reviewers|minimum_sme_reviewers|minimum_test_records|minimum_distinct_environments|negative_path_tested"
154,troubleshoot-audio-or-microphone-on-macos,Troubleshoot audio or microphone on macOS,macOS Endpoints,P1,under_review,22,50,42,true,next,Next verification batch,30,medium,10,temporary_topic_proxy,metadata_only,microphone,none,0,none,none,0,none,2,false,"diagnostic_tested|remediation_tested|rollback_or_irreversibility_confirmed|escalation_confirmed|time_validated|expected_result_confirmed|owner_signoff|authoritative_source_provenance|last_tested|minimum_peer_reviewers|minimum_sme_reviewers|minimum_test_records|minimum_distinct_environments|negative_path_tested"
155,troubleshoot-blocked-browser-downloads,Troubleshoot blocked browser downloads,Business Applications & Browsers,P1,under_review,22,50,32,true,next,Next verification batch,30,none,0,none,none,,none,0,none,none,0,none,2,false,"diagnostic_tested|remediation_tested|rollback_or_irreversibility_confirmed|escalation_confirmed|time_validated|expected_result_confirmed|owner_signoff|authoritative_source_provenance|last_tested|minimum_peer_reviewers|minimum_sme_reviewers|minimum_test_records|minimum_distinct_environments|negative_path_tested"
156,troubleshoot-bluetooth-devices,Troubleshoot Bluetooth devices,Windows Endpoints,P1,under_review,22,50,42,true,next,Next verification batch,30,medium,10,temporary_topic_proxy,metadata_only,bluetooth,none,0,none,none,0,none,2,false,"diagnostic_tested|remediation_tested|rollback_or_irreversibility_confirmed|escalation_confirmed|time_validated|expected_result_confirmed|owner_signoff|authoritative_source_provenance|last_tested|minimum_peer_reviewers|minimum_sme_reviewers|minimum_test_records|minimum_distinct_environments|negative_path_tested"
157,troubleshoot-calendar-permissions,Troubleshoot calendar permissions,Microsoft 365 & Collaboration,P1,under_review,22,50,32,true,next,Next verification batch,30,none,0,none,none,,none,0,none,none,0,none,2,false,"diagnostic_tested|remediation_tested|rollback_or_irreversibility_confirmed|escalation_confirmed|time_validated|expected_result_confirmed|owner_signoff|authoritative_source_provenance|last_tested|minimum_peer_reviewers|minimum_sme_reviewers|minimum_test_records|minimum_distinct_environments|negative_path_tested"
158,troubleshoot-camera-access-on-macos,Troubleshoot camera access on macOS,macOS Endpoints,P1,under_review,22,50,42,true,next,Next verification batch,30,medium,10,temporary_topic_proxy,metadata_only,camera,none,0,none,none,0,none,2,false,"diagnostic_tested|remediation_tested|rollback_or_irreversibility_confirmed|escalation_confirmed|time_validated|expected_result_confirmed|owner_signoff|authoritative_source_provenance|last_tested|minimum_peer_reviewers|minimum_sme_reviewers|minimum_test_records|minimum_distinct_environments|negative_path_tested"
159,troubleshoot-chrome-profile-synchronisation,Troubleshoot Chrome profile synchronisation,Google Workspace & Web Collaboration,P1,under_review,22,50,32,true,next,Next verification batch,30,none,0,none,none,,none,0,none,none,0,none,2,false,"diagnostic_tested|remediation_tested|rollback_or_irreversibility_confirmed|escalation_confirmed|time_validated|expected_result_confirmed|owner_signoff|authoritative_source_provenance|last_tested|minimum_peer_reviewers|minimum_sme_reviewers|minimum_test_records|minimum_distinct_environments|negative_path_tested"
160,troubleshoot-citrix-audio-or-microphone,Troubleshoot Citrix audio or microphone,"Remote Access, VDI & DaaS",P1,under_review,22,50,42,true,next,Next verification batch,30,medium,10,temporary_topic_proxy,metadata_only,microphone,none,0,none,none,0,none,2,false,"diagnostic_tested|remediation_tested|rollback_or_irreversibility_confirmed|escalation_confirmed|time_validated|expected_result_confirmed|owner_signoff|authoritative_source_provenance|last_tested|minimum_peer_reviewers|minimum_sme_reviewers|minimum_test_records|minimum_distinct_environments|negative_path_tested"
161,troubleshoot-citrix-printing,Troubleshoot Citrix printing,"Remote Access, VDI & DaaS",P1,under_review,22,50,42,true,next,Next verification batch,30,medium,10,temporary_topic_proxy,metadata_only,printing,none,0,none,none,0,none,2,false,"diagnostic_tested|remediation_tested|rollback_or_irreversibility_confirmed|escalation_confirmed|time_validated|expected_result_confirmed|owner_signoff|authoritative_source_provenance|last_tested|minimum_peer_reviewers|minimum_sme_reviewers|minimum_test_records|minimum_distinct_environments|negative_path_tested"
162,troubleshoot-colour-or-duplex-printing,Troubleshoot colour or duplex printing,Printing & Scanning,P1,under_review,22,50,42,true,next,Next verification batch,30,medium,10,temporary_topic_proxy,metadata_only,printing,none,0,none,none,0,none,2,false,"diagnostic_tested|remediation_tested|rollback_or_irreversibility_confirmed|escalation_confirmed|time_validated|expected_result_confirmed|owner_signoff|authoritative_source_provenance|last_tested|minimum_peer_reviewers|minimum_sme_reviewers|minimum_test_records|minimum_distinct_environments|negative_path_tested"
163,troubleshoot-conference-room-audio,Troubleshoot conference-room audio,"Voice, Telephony & Meeting Rooms",P1,under_review,22,50,32,true,next,Next verification batch,30,none,0,none,none,,none,0,none,none,0,none,2,false,"diagnostic_tested|remediation_tested|rollback_or_irreversibility_confirmed|escalation_confirmed|time_validated|expected_result_confirmed|owner_signoff|authoritative_source_provenance|last_tested|minimum_peer_reviewers|minimum_sme_reviewers|minimum_test_records|minimum_distinct_environments|negative_path_tested"
164,troubleshoot-directory-synchronisation,Troubleshoot directory synchronisation,Identity & Access Management,P1,under_review,22,50,32,true,next,Next verification batch,30,none,0,none,none,,none,0,none,none,0,none,2,false,"diagnostic_tested|remediation_tested|rollback_or_irreversibility_confirmed|escalation_confirmed|time_validated|expected_result_confirmed|owner_signoff|authoritative_source_provenance|last_tested|minimum_peer_reviewers|minimum_sme_reviewers|minimum_test_records|minimum_distinct_environments|negative_path_tested"
165,troubleshoot-disk-encryption-compliance,Troubleshoot disk-encryption compliance,Security & Compliance,P1,under_review,22,50,32,true,next,Next verification batch,30,none,0,none,none,,none,0,none,none,0,none,2,false,"diagnostic_tested|remediation_tested|rollback_or_irreversibility_confirmed|escalation_confirmed|time_validated|expected_result_confirmed|owner_signoff|authoritative_source_provenance|last_tested|minimum_peer_reviewers|minimum_sme_reviewers|minimum_test_records|minimum_distinct_environments|negative_path_tested"
166,troubleshoot-docker-desktop,Troubleshoot Docker Desktop,Linux & Developer Workstations,P1,under_review,22,50,32,true,next,Next verification batch,30,none,0,none,none,,none,0,none,none,0,none,2,false,"diagnostic_tested|remediation_tested|rollback_or_irreversibility_confirmed|escalation_confirmed|time_validated|expected_result_confirmed|owner_signoff|authoritative_source_provenance|last_tested|minimum_peer_reviewers|minimum_sme_reviewers|minimum_test_records|minimum_distinct_environments|negative_path_tested"
167,troubleshoot-endpoint-protection-health,Troubleshoot endpoint protection health,Security & Compliance,P1,under_review,22,50,32,true,next,Next verification batch,30,none,0,none,none,,none,0,none,none,0,none,2,false,"diagnostic_tested|remediation_tested|rollback_or_irreversibility_confirmed|escalation_confirmed|time_validated|expected_result_confirmed|owner_signoff|authoritative_source_provenance|last_tested|minimum_peer_reviewers|minimum_sme_reviewers|minimum_test_records|minimum_distinct_environments|negative_path_tested"
168,troubleshoot-gmail-delegation,Troubleshoot Gmail delegation,Google Workspace & Web Collaboration,P1,under_review,22,50,32,true,next,Next verification batch,30,none,0,none,none,,none,0,none,none,0,none,2,false,"diagnostic_tested|remediation_tested|rollback_or_irreversibility_confirmed|escalation_confirmed|time_validated|expected_result_confirmed|owner_signoff|authoritative_source_provenance|last_tested|minimum_peer_reviewers|minimum_sme_reviewers|minimum_test_records|minimum_distinct_environments|negative_path_tested"
169,troubleshoot-gmail-send-or-receive,Troubleshoot Gmail send or receive,Google Workspace & Web Collaboration,P1,under_review,22,50,32,true,next,Next verification batch,30,none,0,none,none,,none,0,none,none,0,none,2,false,"diagnostic_tested|remediation_tested|rollback_or_irreversibility_confirmed|escalation_confirmed|time_validated|expected_result_confirmed|owner_signoff|authoritative_source_provenance|last_tested|minimum_peer_reviewers|minimum_sme_reviewers|minimum_test_records|minimum_distinct_environments|negative_path_tested"
170,troubleshoot-google-drive-synchronisation,Troubleshoot Google Drive synchronisation,Google Workspace & Web Collaboration,P1,under_review,22,50,32,true,next,Next verification batch,30,none,0,none,none,,none,0,none,none,0,none,2,false,"diagnostic_tested|remediation_tested|rollback_or_irreversibility_confirmed|escalation_confirmed|time_validated|expected_result_confirmed|owner_signoff|authoritative_source_provenance|last_tested|minimum_peer_reviewers|minimum_sme_reviewers|minimum_test_records|minimum_distinct_environments|negative_path_tested"
171,troubleshoot-google-meet-audio-or-video,Troubleshoot Google Meet audio or video,Google Workspace & Web Collaboration,P1,under_review,22,50,32,true,next,Next verification batch,30,none,0,none,none,,none,0,none,none,0,none,2,false,"diagnostic_tested|remediation_tested|rollback_or_irreversibility_confirmed|escalation_confirmed|time_validated|expected_result_confirmed|owner_signoff|authoritative_source_provenance|last_tested|minimum_peer_reviewers|minimum_sme_reviewers|minimum_test_records|minimum_distinct_environments|negative_path_tested"
172,troubleshoot-high-cpu-utilisation,Troubleshoot high CPU utilisation,Windows Endpoints,P1,under_review,22,50,32,true,next,Next verification batch,30,none,0,none,none,,none,0,none,none,0,none,2,false,"diagnostic_tested|remediation_tested|rollback_or_irreversibility_confirmed|escalation_confirmed|time_validated|expected_result_confirmed|owner_signoff|authoritative_source_provenance|last_tested|minimum_peer_reviewers|minimum_sme_reviewers|minimum_test_records|minimum_distinct_environments|negative_path_tested"
173,troubleshoot-high-load-on-linux,Troubleshoot high load on Linux,Linux & Developer Workstations,P1,under_review,22,50,32,true,next,Next verification batch,30,none,0,none,none,,none,0,none,none,0,none,2,false,"diagnostic_tested|remediation_tested|rollback_or_irreversibility_confirmed|escalation_confirmed|time_validated|expected_result_confirmed|owner_signoff|authoritative_source_provenance|last_tested|minimum_peer_reviewers|minimum_sme_reviewers|minimum_test_records|minimum_distinct_environments|negative_path_tested"
174,troubleshoot-high-memory-utilisation,Troubleshoot high memory utilisation,Windows Endpoints,P1,under_review,22,50,32,true,next,Next verification batch,30,none,0,none,none,,none,0,none,none,0,none,2,false,"diagnostic_tested|remediation_tested|rollback_or_irreversibility_confirmed|escalation_confirmed|time_validated|expected_result_confirmed|owner_signoff|authoritative_source_provenance|last_tested|minimum_peer_reviewers|minimum_sme_reviewers|minimum_test_records|minimum_distinct_environments|negative_path_tested"
175,troubleshoot-known-folder-move,Troubleshoot Known Folder Move,Microsoft 365 & Collaboration,P1,under_review,22,50,32,true,next,Next verification batch,30,none,0,none,none,,none,0,none,none,0,none,2,false,"diagnostic_tested|remediation_tested|rollback_or_irreversibility_confirmed|escalation_confirmed|time_validated|expected_result_confirmed|owner_signoff|authoritative_source_provenance|last_tested|minimum_peer_reviewers|minimum_sme_reviewers|minimum_test_records|minimum_distinct_environments|negative_path_tested"
176,troubleshoot-linux-certificate-trust,Troubleshoot Linux certificate trust,Linux & Developer Workstations,P1,under_review,22,50,32,true,next,Next verification batch,30,none,0,none,none,,none,0,none,none,0,none,2,false,"diagnostic_tested|remediation_tested|rollback_or_irreversibility_confirmed|escalation_confirmed|time_validated|expected_result_confirmed|owner_signoff|authoritative_source_provenance|last_tested|minimum_peer_reviewers|minimum_sme_reviewers|minimum_test_records|minimum_distinct_environments|negative_path_tested"
177,troubleshoot-linux-sign-in,Troubleshoot Linux sign-in,Linux & Developer Workstations,P1,under_review,22,50,32,true,next,Next verification batch,30,none,0,none,none,,none,0,none,none,0,none,2,false,"diagnostic_tested|remediation_tested|rollback_or_irreversibility_confirmed|escalation_confirmed|time_validated|expected_result_confirmed|owner_signoff|authoritative_source_provenance|last_tested|minimum_peer_reviewers|minimum_sme_reviewers|minimum_test_records|minimum_distinct_environments|negative_path_tested"
178,troubleshoot-macos-sign-in-failure,Troubleshoot macOS sign-in failure,macOS Endpoints,P1,under_review,22,50,32,true,next,Next verification batch,30,none,0,none,none,,none,0,none,none,0,none,2,false,"diagnostic_tested|remediation_tested|rollback_or_irreversibility_confirmed|escalation_confirmed|time_validated|expected_result_confirmed|owner_signoff|authoritative_source_provenance|last_tested|minimum_peer_reviewers|minimum_sme_reviewers|minimum_test_records|minimum_distinct_environments|negative_path_tested"
179,troubleshoot-meeting-updates-or-cancellations,Troubleshoot meeting updates or cancellations,Microsoft 365 & Collaboration,P1,under_review,22,50,32,true,next,Next verification batch,30,none,0,none,none,,none,0,none,none,0,none,2,false,"diagnostic_tested|remediation_tested|rollback_or_irreversibility_confirmed|escalation_confirmed|time_validated|expected_result_confirmed|owner_signoff|authoritative_source_provenance|last_tested|minimum_peer_reviewers|minimum_sme_reviewers|minimum_test_records|minimum_distinct_environments|negative_path_tested"
180,troubleshoot-multiple-monitor-arrangement-or-resolution,Troubleshoot multiple-monitor arrangement or resolution,Windows Endpoints,P1,under_review,22,50,32,true,next,Next verification batch,30,none,0,none,none,,none,0,none,none,0,none,2,false,"diagnostic_tested|remediation_tested|rollback_or_irreversibility_confirmed|escalation_confirmed|time_validated|expected_result_confirmed|owner_signoff|authoritative_source_provenance|last_tested|minimum_peer_reviewers|minimum_sme_reviewers|minimum_test_records|minimum_distinct_environments|negative_path_tested"
181,troubleshoot-no-dial-tone-on-a-desk-phone,Troubleshoot no dial tone on a desk phone,"Voice, Telephony & Meeting Rooms",P1,under_review,22,50,32,true,next,Next verification batch,30,none,0,none,none,,none,0,none,none,0,none,2,false,"diagnostic_tested|remediation_tested|rollback_or_irreversibility_confirmed|escalation_confirmed|time_validated|expected_result_confirmed|owner_signoff|authoritative_source_provenance|last_tested|minimum_peer_reviewers|minimum_sme_reviewers|minimum_test_records|minimum_distinct_environments|negative_path_tested"
182,troubleshoot-offline-files-synchronisation,Troubleshoot Offline Files synchronisation,Windows Endpoints,P1,under_review,22,50,32,true,next,Next verification batch,30,none,0,none,none,,none,0,none,none,0,none,2,false,"diagnostic_tested|remediation_tested|rollback_or_irreversibility_confirmed|escalation_confirmed|time_validated|expected_result_confirmed|owner_signoff|authoritative_source_provenance|last_tested|minimum_peer_reviewers|minimum_sme_reviewers|minimum_test_records|minimum_distinct_environments|negative_path_tested"
183,troubleshoot-one-way-audio,Troubleshoot one-way audio,"Voice, Telephony & Meeting Rooms",P1,under_review,22,50,32,true,next,Next verification batch,30,none,0,none,none,,none,0,none,none,0,none,2,false,"diagnostic_tested|remediation_tested|rollback_or_irreversibility_confirmed|escalation_confirmed|time_validated|expected_result_confirmed|owner_signoff|authoritative_source_provenance|last_tested|minimum_peer_reviewers|minimum_sme_reviewers|minimum_test_records|minimum_distinct_environments|negative_path_tested"
184,troubleshoot-onedrive-synchronisation,Troubleshoot OneDrive synchronisation,Microsoft 365 & Collaboration,P1,under_review,22,50,32,true,next,Next verification batch,30,none,0,none,none,,none,0,none,none,0,none,2,false,"diagnostic_tested|remediation_tested|rollback_or_irreversibility_confirmed|escalation_confirmed|time_validated|expected_result_confirmed|owner_signoff|authoritative_source_provenance|last_tested|minimum_peer_reviewers|minimum_sme_reviewers|minimum_test_records|minimum_distinct_environments|negative_path_tested"
185,troubleshoot-pop-ups-required-by-a-business-application,Troubleshoot pop-ups required by a business application,Business Applications & Browsers,P1,under_review,22,50,32,true,next,Next verification batch,30,none,0,none,none,,none,0,none,none,0,none,2,false,"diagnostic_tested|remediation_tested|rollback_or_irreversibility_confirmed|escalation_confirmed|time_validated|expected_result_confirmed|owner_signoff|authoritative_source_provenance|last_tested|minimum_peer_reviewers|minimum_sme_reviewers|minimum_test_records|minimum_distinct_environments|negative_path_tested"
186,troubleshoot-powerpoint-presentation-display,Troubleshoot PowerPoint presentation display,Microsoft 365 & Collaboration,P1,under_review,22,50,32,true,next,Next verification batch,30,none,0,none,none,,none,0,none,none,0,none,2,false,"diagnostic_tested|remediation_tested|rollback_or_irreversibility_confirmed|escalation_confirmed|time_validated|expected_result_confirmed|owner_signoff|authoritative_source_provenance|last_tested|minimum_peer_reviewers|minimum_sme_reviewers|minimum_test_records|minimum_distinct_environments|negative_path_tested"
187,troubleshoot-printing-from-macos,Troubleshoot printing from macOS,macOS Endpoints,P1,under_review,22,50,42,true,next,Next verification batch,30,medium,10,temporary_topic_proxy,metadata_only,printing,none,0,none,none,0,none,2,false,"diagnostic_tested|remediation_tested|rollback_or_irreversibility_confirmed|escalation_confirmed|time_validated|expected_result_confirmed|owner_signoff|authoritative_source_provenance|last_tested|minimum_peer_reviewers|minimum_sme_reviewers|minimum_test_records|minimum_distinct_environments|negative_path_tested"
188,troubleshoot-remote-desktop-connection-failure,Troubleshoot Remote Desktop connection failure,Windows Endpoints,P1,under_review,22,50,32,true,next,Next verification batch,30,none,0,none,none,,none,0,none,none,0,none,2,false,"diagnostic_tested|remediation_tested|rollback_or_irreversibility_confirmed|escalation_confirmed|time_validated|expected_result_confirmed|owner_signoff|authoritative_source_provenance|last_tested|minimum_peer_reviewers|minimum_sme_reviewers|minimum_test_records|minimum_distinct_environments|negative_path_tested"
189,troubleshoot-scan-to-email,Troubleshoot scan to email,Printing & Scanning,P1,under_review,22,50,42,true,next,Next verification batch,30,medium,10,temporary_topic_proxy,metadata_only,printing,none,0,none,none,0,none,2,false,"diagnostic_tested|remediation_tested|rollback_or_irreversibility_confirmed|escalation_confirmed|time_validated|expected_result_confirmed|owner_signoff|authoritative_source_provenance|last_tested|minimum_peer_reviewers|minimum_sme_reviewers|minimum_test_records|minimum_distinct_environments|negative_path_tested"
190,troubleshoot-secure-or-follow-me-printing,Troubleshoot secure or follow-me printing,Printing & Scanning,P1,under_review,22,50,42,true,next,Next verification batch,30,medium,10,temporary_topic_proxy,metadata_only,printing,none,0,none,none,0,none,2,false,"diagnostic_tested|remediation_tested|rollback_or_irreversibility_confirmed|escalation_confirmed|time_validated|expected_result_confirmed|owner_signoff|authoritative_source_provenance|last_tested|minimum_peer_reviewers|minimum_sme_reviewers|minimum_test_records|minimum_distinct_environments|negative_path_tested"
191,troubleshoot-server-high-cpu,Troubleshoot server high CPU,Servers & Core Infrastructure,P1,under_review,22,50,32,true,next,Next verification batch,30,none,0,none,none,,none,0,none,none,0,none,2,false,"diagnostic_tested|remediation_tested|rollback_or_irreversibility_confirmed|escalation_confirmed|time_validated|expected_result_confirmed|owner_signoff|authoritative_source_provenance|last_tested|minimum_peer_reviewers|minimum_sme_reviewers|minimum_test_records|minimum_distinct_environments|negative_path_tested"
192,troubleshoot-server-high-memory,Troubleshoot server high memory,Servers & Core Infrastructure,P1,under_review,22,50,32,true,next,Next verification batch,30,none,0,none,none,,none,0,none,none,0,none,2,false,"diagnostic_tested|remediation_tested|rollback_or_irreversibility_confirmed|escalation_confirmed|time_validated|expected_result_confirmed|owner_signoff|authoritative_source_provenance|last_tested|minimum_peer_reviewers|minimum_sme_reviewers|minimum_test_records|minimum_distinct_environments|negative_path_tested"
193,troubleshoot-sharepoint-access,Troubleshoot SharePoint access,Microsoft 365 & Collaboration,P1,under_review,22,50,32,true,next,Next verification batch,30,none,0,none,none,,none,0,none,none,0,none,2,false,"diagnostic_tested|remediation_tested|rollback_or_irreversibility_confirmed|escalation_confirmed|time_validated|expected_result_confirmed|owner_signoff|authoritative_source_provenance|last_tested|minimum_peer_reviewers|minimum_sme_reviewers|minimum_test_records|minimum_distinct_environments|negative_path_tested"
194,troubleshoot-sharepoint-document-synchronisation,Troubleshoot SharePoint document synchronisation,Microsoft 365 & Collaboration,P1,under_review,22,50,32,true,next,Next verification batch,30,none,0,none,none,,none,0,none,none,0,none,2,false,"diagnostic_tested|remediation_tested|rollback_or_irreversibility_confirmed|escalation_confirmed|time_validated|expected_result_confirmed|owner_signoff|authoritative_source_provenance|last_tested|minimum_peer_reviewers|minimum_sme_reviewers|minimum_test_records|minimum_distinct_environments|negative_path_tested"
195,troubleshoot-sharepoint-external-sharing,Troubleshoot SharePoint external sharing,Microsoft 365 & Collaboration,P1,under_review,22,50,32,true,next,Next verification batch,30,none,0,none,none,,none,0,none,none,0,none,2,false,"diagnostic_tested|remediation_tested|rollback_or_irreversibility_confirmed|escalation_confirmed|time_validated|expected_result_confirmed|owner_signoff|authoritative_source_provenance|last_tested|minimum_peer_reviewers|minimum_sme_reviewers|minimum_test_records|minimum_distinct_environments|negative_path_tested"
196,troubleshoot-single-sign-on-failure,Troubleshoot single sign-on failure,Identity & Access Management,P1,under_review,22,50,32,true,next,Next verification batch,30,none,0,none,none,,none,0,none,none,0,none,2,false,"diagnostic_tested|remediation_tested|rollback_or_irreversibility_confirmed|escalation_confirmed|time_validated|expected_result_confirmed|owner_signoff|authoritative_source_provenance|last_tested|minimum_peer_reviewers|minimum_sme_reviewers|minimum_test_records|minimum_distinct_environments|negative_path_tested"
197,troubleshoot-ssh-access,Troubleshoot SSH access,Linux & Developer Workstations,P1,under_review,22,50,32,true,next,Next verification batch,30,none,0,none,none,,none,0,none,none,0,none,2,false,"diagnostic_tested|remediation_tested|rollback_or_irreversibility_confirmed|escalation_confirmed|time_validated|expected_result_confirmed|owner_signoff|authoritative_source_provenance|last_tested|minimum_peer_reviewers|minimum_sme_reviewers|minimum_test_records|minimum_distinct_environments|negative_path_tested"
198,troubleshoot-usb-storage-not-detected,Troubleshoot USB storage not detected,Windows Endpoints,P1,under_review,22,50,32,true,next,Next verification batch,30,none,0,none,none,,none,0,none,none,0,none,2,false,"diagnostic_tested|remediation_tested|rollback_or_irreversibility_confirmed|escalation_confirmed|time_validated|expected_result_confirmed|owner_signoff|authoritative_source_provenance|last_tested|minimum_peer_reviewers|minimum_sme_reviewers|minimum_test_records|minimum_distinct_environments|negative_path_tested"
199,troubleshoot-vdi-multi-monitor-support,Troubleshoot VDI multi-monitor support,"Remote Access, VDI & DaaS",P1,under_review,22,50,32,true,next,Next verification batch,30,none,0,none,none,,none,0,none,none,0,none,2,false,"diagnostic_tested|remediation_tested|rollback_or_irreversibility_confirmed|escalation_confirmed|time_validated|expected_result_confirmed|owner_signoff|authoritative_source_provenance|last_tested|minimum_peer_reviewers|minimum_sme_reviewers|minimum_test_records|minimum_distinct_environments|negative_path_tested"
200,troubleshoot-vdi-performance,Troubleshoot VDI performance,"Remote Access, VDI & DaaS",P1,under_review,22,50,42,true,next,Next verification batch,30,medium,10,temporary_topic_proxy,metadata_only,performance,none,0,none,none,0,none,2,false,"diagnostic_tested|remediation_tested|rollback_or_irreversibility_confirmed|escalation_confirmed|time_validated|expected_result_confirmed|owner_signoff|authoritative_source_provenance|last_tested|minimum_peer_reviewers|minimum_sme_reviewers|minimum_test_records|minimum_distinct_environments|negative_path_tested"
201,troubleshoot-vdi-usb-redirection,Troubleshoot VDI USB redirection,"Remote Access, VDI & DaaS",P1,under_review,22,50,32,true,next,Next verification batch,30,none,0,none,none,,none,0,none,none,0,none,2,false,"diagnostic_tested|remediation_tested|rollback_or_irreversibility_confirmed|escalation_confirmed|time_validated|expected_result_confirmed|owner_signoff|authoritative_source_provenance|last_tested|minimum_peer_reviewers|minimum_sme_reviewers|minimum_test_records|minimum_distinct_environments|negative_path_tested"
202,troubleshoot-voicemail-access,Troubleshoot voicemail access,"Voice, Telephony & Meeting Rooms",P1,under_review,22,50,32,true,next,Next verification batch,30,none,0,none,none,,none,0,none,none,0,none,2,false,"diagnostic_tested|remediation_tested|rollback_or_irreversibility_confirmed|escalation_confirmed|time_validated|expected_result_confirmed|owner_signoff|authoritative_source_provenance|last_tested|minimum_peer_reviewers|minimum_sme_reviewers|minimum_test_records|minimum_distinct_environments|negative_path_tested"
203,troubleshoot-windows-audio-output,Troubleshoot Windows audio output,Windows Endpoints,P1,under_review,22,50,32,true,next,Next verification batch,30,none,0,none,none,,none,0,none,none,0,none,2,false,"diagnostic_tested|remediation_tested|rollback_or_irreversibility_confirmed|escalation_confirmed|time_validated|expected_result_confirmed|owner_signoff|authoritative_source_provenance|last_tested|minimum_peer_reviewers|minimum_sme_reviewers|minimum_test_records|minimum_distinct_environments|negative_path_tested"
204,troubleshoot-wsl,Troubleshoot WSL,Linux & Developer Workstations,P1,under_review,22,50,32,true,next,Next verification batch,30,none,0,none,none,,none,0,none,none,0,none,2,false,"diagnostic_tested|remediation_tested|rollback_or_irreversibility_confirmed|escalation_confirmed|time_validated|expected_result_confirmed|owner_signoff|authoritative_source_provenance|last_tested|minimum_peer_reviewers|minimum_sme_reviewers|minimum_test_records|minimum_distinct_environments|negative_path_tested"
205,unlock-a-user-account,Unlock a user account,Identity & Access Management,P1,under_review,22,50,32,true,next,Next verification batch,30,none,0,none,none,,none,0,none,none,0,none,2,false,"diagnostic_tested|remediation_tested|rollback_or_irreversibility_confirmed|escalation_confirmed|time_validated|expected_result_confirmed|owner_signoff|authoritative_source_provenance|last_tested|minimum_peer_reviewers|minimum_sme_reviewers|minimum_test_records|minimum_distinct_environments|negative_path_tested"
206,validate-a-backup-restore-request,Validate a backup restore request,"Data Protection, Backup & Recovery",P1,under_review,22,50,32,true,next,Next verification batch,30,none,0,none,none,,none,0,none,none,0,none,2,false,"diagnostic_tested|remediation_tested|rollback_or_irreversibility_confirmed|escalation_confirmed|time_validated|expected_result_confirmed|owner_signoff|authoritative_source_provenance|last_tested|minimum_peer_reviewers|minimum_sme_reviewers|minimum_test_records|minimum_distinct_environments|negative_path_tested"
207,validate-accessories-issued-with-a-device,Validate accessories issued with a device,Lifecycle & Asset Management,P1,under_review,22,50,32,true,next,Next verification batch,30,none,0,none,none,,none,0,none,none,0,none,2,false,"diagnostic_tested|remediation_tested|rollback_or_irreversibility_confirmed|escalation_confirmed|time_validated|expected_result_confirmed|owner_signoff|authoritative_source_provenance|last_tested|minimum_peer_reviewers|minimum_sme_reviewers|minimum_test_records|minimum_distinct_environments|negative_path_tested"
208,verify-data-after-a-migration,Verify data after a migration,"Data Protection, Backup & Recovery",P1,under_review,22,50,32,true,next,Next verification batch,30,none,0,none,none,,none,0,none,none,0,none,2,false,"diagnostic_tested|remediation_tested|rollback_or_irreversibility_confirmed|escalation_confirmed|time_validated|expected_result_confirmed|owner_signoff|authoritative_source_provenance|last_tested|minimum_peer_reviewers|minimum_sme_reviewers|minimum_test_records|minimum_distinct_environments|negative_path_tested"
209,password-reset,"Resolve a locked, forgotten or expired user password",Identity & Access Management,P2,revalidation_required,18,50,50,false,next,Next verification batch,20,very_high,30,temporary_topic_proxy,metadata_only,password reset,none,0,none,none,0,none,0,false,"diagnostic_tested|remediation_tested|rollback_or_irreversibility_confirmed|escalation_confirmed|time_validated|expected_result_confirmed|owner_signoff|authoritative_source_provenance|tested_platforms|last_tested|minimum_peer_reviewers|minimum_sme_reviewers|minimum_test_records|minimum_distinct_environments"
210,mapped-drive-missing,Resolve a missing or disconnected mapped drive,File Services,P2,revalidation_required,18,50,50,false,next,Next verification batch,20,very_high,30,temporary_topic_proxy,metadata_only,vpn,none,0,none,none,0,none,0,false,"diagnostic_tested|remediation_tested|rollback_or_irreversibility_confirmed|escalation_confirmed|time_validated|expected_result_confirmed|owner_signoff|authoritative_source_provenance|tested_platforms|last_tested|minimum_peer_reviewers|minimum_sme_reviewers|minimum_test_records|minimum_distinct_environments"
211,mfa-setup-fails,Resolve MFA setup or approval failure,Identity & Access Management,P2,revalidation_required,18,50,50,false,next,Next verification batch,20,very_high,30,temporary_topic_proxy,metadata_only,mfa,none,0,none,none,0,none,0,false,"diagnostic_tested|remediation_tested|rollback_or_irreversibility_confirmed|escalation_confirmed|time_validated|expected_result_confirmed|owner_signoff|authoritative_source_provenance|tested_platforms|last_tested|minimum_peer_reviewers|minimum_sme_reviewers|minimum_test_records|minimum_distinct_environments"
212,vpn-not-connecting,Resolve VPN connection failure,Network & Connectivity,P2,revalidation_required,18,50,50,false,next,Next verification batch,20,very_high,30,temporary_topic_proxy,metadata_only,vpn,none,0,none,none,0,none,0,false,"diagnostic_tested|remediation_tested|rollback_or_irreversibility_confirmed|escalation_confirmed|time_validated|expected_result_confirmed|owner_signoff|authoritative_source_provenance|tested_platforms|last_tested|minimum_peer_reviewers|minimum_sme_reviewers|minimum_test_records|minimum_distinct_environments"
213,add-or-remove-security-group-membership,Add or remove security group membership,Identity & Access Management,P2,under_review,24,42,42,false,planned,Planned,20,high,20,temporary_topic_proxy,metadata_only,entra,none,0,none,none,0,none,2,false,"diagnostic_tested|remediation_tested|rollback_or_irreversibility_confirmed|escalation_confirmed|time_validated|expected_result_confirmed|owner_signoff|authoritative_source_provenance|last_tested|minimum_peer_reviewers|minimum_sme_reviewers|minimum_test_records|minimum_distinct_environments"
214,collect-a-network-diagnostic-baseline,Collect a network diagnostic baseline,Network & Connectivity,P2,under_review,24,42,42,false,planned,Planned,20,high,20,temporary_topic_proxy,metadata_only,network,none,0,none,none,0,none,2,false,"diagnostic_tested|remediation_tested|rollback_or_irreversibility_confirmed|escalation_confirmed|time_validated|expected_result_confirmed|owner_signoff|authoritative_source_provenance|last_tested|minimum_peer_reviewers|minimum_sme_reviewers|minimum_test_records|minimum_distinct_environments"
215,resolve-an-apipa-address,Resolve an APIPA address,Network & Connectivity,P2,under_review,24,42,42,false,planned,Planned,20,high,20,temporary_topic_proxy,metadata_only,network,none,0,none,none,0,none,2,false,"diagnostic_tested|remediation_tested|rollback_or_irreversibility_confirmed|escalation_confirmed|time_validated|expected_result_confirmed|owner_signoff|authoritative_source_provenance|last_tested|minimum_peer_reviewers|minimum_sme_reviewers|minimum_test_records|minimum_distinct_environments"
216,trace-an-active-directory-account-lockout-source,Trace an Active Directory account lockout source,Servers & Core Infrastructure,P2,under_review,24,42,42,false,planned,Planned,20,high,20,temporary_topic_proxy,metadata_only,active directory,none,0,none,none,0,none,2,false,"diagnostic_tested|remediation_tested|rollback_or_irreversibility_confirmed|escalation_confirmed|time_validated|expected_result_confirmed|owner_signoff|authoritative_source_provenance|last_tested|minimum_peer_reviewers|minimum_sme_reviewers|minimum_test_records|minimum_distinct_environments"
217,triage-a-home-network-remote-work-issue,Triage a home-network remote-work issue,"Remote Access, VDI & DaaS",P2,under_review,24,42,42,false,planned,Planned,20,high,20,temporary_topic_proxy,metadata_only,network,none,0,none,none,0,none,2,false,"diagnostic_tested|remediation_tested|rollback_or_irreversibility_confirmed|escalation_confirmed|time_validated|expected_result_confirmed|owner_signoff|authoritative_source_provenance|last_tested|minimum_peer_reviewers|minimum_sme_reviewers|minimum_test_records|minimum_distinct_environments"
218,triage-a-switch-port-issue,Triage a switch-port issue,Network & Connectivity,P2,under_review,24,42,42,false,planned,Planned,20,high,20,temporary_topic_proxy,metadata_only,network,none,0,none,none,0,none,2,false,"diagnostic_tested|remediation_tested|rollback_or_irreversibility_confirmed|escalation_confirmed|time_validated|expected_result_confirmed|owner_signoff|authoritative_source_provenance|last_tested|minimum_peer_reviewers|minimum_sme_reviewers|minimum_test_records|minimum_distinct_environments"
219,triage-a-vlan-assignment-issue,Triage a VLAN assignment issue,Network & Connectivity,P2,under_review,24,42,42,false,planned,Planned,20,high,20,temporary_topic_proxy,metadata_only,network,none,0,none,none,0,none,2,false,"diagnostic_tested|remediation_tested|rollback_or_irreversibility_confirmed|escalation_confirmed|time_validated|expected_result_confirmed|owner_signoff|authoritative_source_provenance|last_tested|minimum_peer_reviewers|minimum_sme_reviewers|minimum_test_records|minimum_distinct_environments"
220,troubleshoot-a-network-printer-that-is-unreachable,Troubleshoot a network printer that is unreachable,Printing & Scanning,P2,under_review,24,42,42,false,planned,Planned,20,high,20,temporary_topic_proxy,metadata_only,network,none,0,none,none,0,none,2,false,"diagnostic_tested|remediation_tested|rollback_or_irreversibility_confirmed|escalation_confirmed|time_validated|expected_result_confirmed|owner_signoff|authoritative_source_provenance|last_tested|minimum_peer_reviewers|minimum_sme_reviewers|minimum_test_records|minimum_distinct_environments"
221,troubleshoot-a-network-share-access-failure,Troubleshoot a network share access failure,Network & Connectivity,P2,under_review,24,42,42,false,planned,Planned,20,high,20,temporary_topic_proxy,metadata_only,network,none,0,none,none,0,none,2,false,"diagnostic_tested|remediation_tested|rollback_or_irreversibility_confirmed|escalation_confirmed|time_validated|expected_result_confirmed|owner_signoff|authoritative_source_provenance|last_tested|minimum_peer_reviewers|minimum_sme_reviewers|minimum_test_records|minimum_distinct_environments"
222,troubleshoot-a-teams-phone-device,Troubleshoot a Teams Phone device,"Voice, Telephony & Meeting Rooms",P2,under_review,24,42,42,false,planned,Planned,20,high,20,temporary_topic_proxy,metadata_only,teams,none,0,none,none,0,none,2,false,"diagnostic_tested|remediation_tested|rollback_or_irreversibility_confirmed|escalation_confirmed|time_validated|expected_result_confirmed|owner_signoff|authoritative_source_provenance|last_tested|minimum_peer_reviewers|minimum_sme_reviewers|minimum_test_records|minimum_distinct_environments"
223,troubleshoot-a-web-filter-block,Troubleshoot a web-filter block,Network & Connectivity,P2,under_review,24,42,42,false,planned,Planned,20,high,20,temporary_topic_proxy,metadata_only,network,none,0,none,none,0,none,2,false,"diagnostic_tested|remediation_tested|rollback_or_irreversibility_confirmed|escalation_confirmed|time_validated|expected_result_confirmed|owner_signoff|authoritative_source_provenance|last_tested|minimum_peer_reviewers|minimum_sme_reviewers|minimum_test_records|minimum_distinct_environments"
224,troubleshoot-a-zero-trust-network-client,Troubleshoot a zero-trust network client,Network & Connectivity,P2,under_review,24,42,42,false,planned,Planned,20,high,20,temporary_topic_proxy,metadata_only,network,none,0,none,none,0,none,2,false,"diagnostic_tested|remediation_tested|rollback_or_irreversibility_confirmed|escalation_confirmed|time_validated|expected_result_confirmed|owner_signoff|authoritative_source_provenance|last_tested|minimum_peer_reviewers|minimum_sme_reviewers|minimum_test_records|minimum_distinct_environments"
225,troubleshoot-active-directory-replication,Troubleshoot Active Directory replication,Servers & Core Infrastructure,P2,under_review,24,42,42,false,planned,Planned,20,high,20,temporary_topic_proxy,metadata_only,active directory,none,0,none,none,0,none,2,false,"diagnostic_tested|remediation_tested|rollback_or_irreversibility_confirmed|escalation_confirmed|time_validated|expected_result_confirmed|owner_signoff|authoritative_source_provenance|last_tested|minimum_peer_reviewers|minimum_sme_reviewers|minimum_test_records|minimum_distinct_environments"
226,troubleshoot-cloud-application-authentication,Troubleshoot cloud application authentication,Cloud & Virtualisation,P2,under_review,24,42,42,false,planned,Planned,20,high,20,temporary_topic_proxy,metadata_only,authentication,none,0,none,none,0,none,2,false,"diagnostic_tested|remediation_tested|rollback_or_irreversibility_confirmed|escalation_confirmed|time_validated|expected_result_confirmed|owner_signoff|authoritative_source_provenance|last_tested|minimum_peer_reviewers|minimum_sme_reviewers|minimum_test_records|minimum_distinct_environments"
227,troubleshoot-corporate-wi-fi-on-mobile,Troubleshoot corporate Wi-Fi on mobile,Mobile Devices & MDM,P2,under_review,24,42,42,false,planned,Planned,20,high,20,temporary_topic_proxy,metadata_only,wi-fi,none,0,none,none,0,none,2,false,"diagnostic_tested|remediation_tested|rollback_or_irreversibility_confirmed|escalation_confirmed|time_validated|expected_result_confirmed|owner_signoff|authoritative_source_provenance|last_tested|minimum_peer_reviewers|minimum_sme_reviewers|minimum_test_records|minimum_distinct_environments"
228,troubleshoot-git-authentication,Troubleshoot Git authentication,Linux & Developer Workstations,P2,under_review,24,42,42,false,planned,Planned,20,high,20,temporary_topic_proxy,metadata_only,authentication,none,0,none,none,0,none,2,false,"diagnostic_tested|remediation_tested|rollback_or_irreversibility_confirmed|escalation_confirmed|time_validated|expected_result_confirmed|owner_signoff|authoritative_source_provenance|last_tested|minimum_peer_reviewers|minimum_sme_reviewers|minimum_test_records|minimum_distinct_environments"
229,troubleshoot-intermittent-network-connectivity,Troubleshoot intermittent network connectivity,Network & Connectivity,P2,under_review,24,42,42,false,planned,Planned,20,high,20,temporary_topic_proxy,metadata_only,network,none,0,none,none,0,none,2,false,"diagnostic_tested|remediation_tested|rollback_or_irreversibility_confirmed|escalation_confirmed|time_validated|expected_result_confirmed|owner_signoff|authoritative_source_provenance|last_tested|minimum_peer_reviewers|minimum_sme_reviewers|minimum_test_records|minimum_distinct_environments"
230,troubleshoot-linux-dns-resolution,Troubleshoot Linux DNS resolution,Linux & Developer Workstations,P2,under_review,24,42,42,false,planned,Planned,20,high,20,temporary_topic_proxy,metadata_only,dns,none,0,none,none,0,none,2,false,"diagnostic_tested|remediation_tested|rollback_or_irreversibility_confirmed|escalation_confirmed|time_validated|expected_result_confirmed|owner_signoff|authoritative_source_provenance|last_tested|minimum_peer_reviewers|minimum_sme_reviewers|minimum_test_records|minimum_distinct_environments"
231,troubleshoot-macos-wi-fi,Troubleshoot macOS Wi-Fi,macOS Endpoints,P2,under_review,24,42,42,false,planned,Planned,20,high,20,temporary_topic_proxy,metadata_only,wi-fi,none,0,none,none,0,none,2,false,"diagnostic_tested|remediation_tested|rollback_or_irreversibility_confirmed|escalation_confirmed|time_validated|expected_result_confirmed|owner_signoff|authoritative_source_provenance|last_tested|minimum_peer_reviewers|minimum_sme_reviewers|minimum_test_records|minimum_distinct_environments"
232,troubleshoot-microsoft-teams-sign-in,Troubleshoot Microsoft Teams sign-in,Microsoft 365 & Collaboration,P2,under_review,24,42,42,false,planned,Planned,20,high,20,temporary_topic_proxy,metadata_only,teams,none,0,none,none,0,none,2,false,"diagnostic_tested|remediation_tested|rollback_or_irreversibility_confirmed|escalation_confirmed|time_validated|expected_result_confirmed|owner_signoff|authoritative_source_provenance|last_tested|minimum_peer_reviewers|minimum_sme_reviewers|minimum_test_records|minimum_distinct_environments"
233,troubleshoot-mobile-outlook-synchronisation,Troubleshoot mobile Outlook synchronisation,Mobile Devices & MDM,P2,under_review,24,42,42,false,planned,Planned,20,high,20,temporary_topic_proxy,metadata_only,outlook,none,0,none,none,0,none,2,false,"diagnostic_tested|remediation_tested|rollback_or_irreversibility_confirmed|escalation_confirmed|time_validated|expected_result_confirmed|owner_signoff|authoritative_source_provenance|last_tested|minimum_peer_reviewers|minimum_sme_reviewers|minimum_test_records|minimum_distinct_environments"
234,troubleshoot-network-latency,Troubleshoot network latency,Network & Connectivity,P2,under_review,24,42,42,false,planned,Planned,20,high,20,temporary_topic_proxy,metadata_only,network,none,0,none,none,0,none,2,false,"diagnostic_tested|remediation_tested|rollback_or_irreversibility_confirmed|escalation_confirmed|time_validated|expected_result_confirmed|owner_signoff|authoritative_source_provenance|last_tested|minimum_peer_reviewers|minimum_sme_reviewers|minimum_test_records|minimum_distinct_environments"
235,troubleshoot-no-ethernet-connectivity,Troubleshoot no Ethernet connectivity,Network & Connectivity,P2,under_review,24,42,42,false,planned,Planned,20,high,20,temporary_topic_proxy,metadata_only,network,none,0,none,none,0,none,2,false,"diagnostic_tested|remediation_tested|rollback_or_irreversibility_confirmed|escalation_confirmed|time_validated|expected_result_confirmed|owner_signoff|authoritative_source_provenance|last_tested|minimum_peer_reviewers|minimum_sme_reviewers|minimum_test_records|minimum_distinct_environments"
236,troubleshoot-no-wi-fi-connectivity,Troubleshoot no Wi-Fi connectivity,Network & Connectivity,P2,under_review,24,42,42,false,planned,Planned,20,high,20,temporary_topic_proxy,metadata_only,wi-fi,none,0,none,none,0,none,2,false,"diagnostic_tested|remediation_tested|rollback_or_irreversibility_confirmed|escalation_confirmed|time_validated|expected_result_confirmed|owner_signoff|authoritative_source_provenance|last_tested|minimum_peer_reviewers|minimum_sme_reviewers|minimum_test_records|minimum_distinct_environments"
237,troubleshoot-outlook-send-and-receive,Troubleshoot Outlook send and receive,Microsoft 365 & Collaboration,P2,under_review,24,42,42,false,planned,Planned,20,high,20,temporary_topic_proxy,metadata_only,outlook,none,0,none,none,0,none,2,false,"diagnostic_tested|remediation_tested|rollback_or_irreversibility_confirmed|escalation_confirmed|time_validated|expected_result_confirmed|owner_signoff|authoritative_source_provenance|last_tested|minimum_peer_reviewers|minimum_sme_reviewers|minimum_test_records|minimum_distinct_environments"
238,troubleshoot-outlook-that-will-not-open,Troubleshoot Outlook that will not open,Microsoft 365 & Collaboration,P2,under_review,24,42,42,false,planned,Planned,20,high,20,temporary_topic_proxy,metadata_only,outlook,none,0,none,none,0,none,2,false,"diagnostic_tested|remediation_tested|rollback_or_irreversibility_confirmed|escalation_confirmed|time_validated|expected_result_confirmed|owner_signoff|authoritative_source_provenance|last_tested|minimum_peer_reviewers|minimum_sme_reviewers|minimum_test_records|minimum_distinct_environments"
239,troubleshoot-packet-loss,Troubleshoot packet loss,Network & Connectivity,P2,under_review,24,42,42,false,planned,Planned,20,high,20,temporary_topic_proxy,metadata_only,network,none,0,none,none,0,none,2,false,"diagnostic_tested|remediation_tested|rollback_or_irreversibility_confirmed|escalation_confirmed|time_validated|expected_result_confirmed|owner_signoff|authoritative_source_provenance|last_tested|minimum_peer_reviewers|minimum_sme_reviewers|minimum_test_records|minimum_distinct_environments"
240,troubleshoot-proxy-configuration,Troubleshoot proxy configuration,Network & Connectivity,P2,under_review,24,42,42,false,planned,Planned,20,high,20,temporary_topic_proxy,metadata_only,network,none,0,none,none,0,none,2,false,"diagnostic_tested|remediation_tested|rollback_or_irreversibility_confirmed|escalation_confirmed|time_validated|expected_result_confirmed|owner_signoff|authoritative_source_provenance|last_tested|minimum_peer_reviewers|minimum_sme_reviewers|minimum_test_records|minimum_distinct_environments"
241,troubleshoot-recurring-outlook-credential-prompts,Troubleshoot recurring Outlook credential prompts,Microsoft 365 & Collaboration,P2,under_review,24,42,42,false,planned,Planned,20,high,20,temporary_topic_proxy,metadata_only,outlook,none,0,none,none,0,none,2,false,"diagnostic_tested|remediation_tested|rollback_or_irreversibility_confirmed|escalation_confirmed|time_validated|expected_result_confirmed|owner_signoff|authoritative_source_provenance|last_tested|minimum_peer_reviewers|minimum_sme_reviewers|minimum_test_records|minimum_distinct_environments"
242,troubleshoot-teams-camera,Troubleshoot Teams camera,Microsoft 365 & Collaboration,P2,under_review,24,42,42,false,planned,Planned,20,high,20,temporary_topic_proxy,metadata_only,teams,none,0,none,none,0,none,2,false,"diagnostic_tested|remediation_tested|rollback_or_irreversibility_confirmed|escalation_confirmed|time_validated|expected_result_confirmed|owner_signoff|authoritative_source_provenance|last_tested|minimum_peer_reviewers|minimum_sme_reviewers|minimum_test_records|minimum_distinct_environments"
243,troubleshoot-teams-meeting-join-failure,Troubleshoot Teams meeting join failure,Microsoft 365 & Collaboration,P2,under_review,24,42,42,false,planned,Planned,20,high,20,temporary_topic_proxy,metadata_only,teams,none,0,none,none,0,none,2,false,"diagnostic_tested|remediation_tested|rollback_or_irreversibility_confirmed|escalation_confirmed|time_validated|expected_result_confirmed|owner_signoff|authoritative_source_provenance|last_tested|minimum_peer_reviewers|minimum_sme_reviewers|minimum_test_records|minimum_distinct_environments"
244,troubleshoot-teams-screen-sharing,Troubleshoot Teams screen sharing,Microsoft 365 & Collaboration,P2,under_review,24,42,42,false,planned,Planned,20,high,20,temporary_topic_proxy,metadata_only,teams,none,0,none,none,0,none,2,false,"diagnostic_tested|remediation_tested|rollback_or_irreversibility_confirmed|escalation_confirmed|time_validated|expected_result_confirmed|owner_signoff|authoritative_source_provenance|last_tested|minimum_peer_reviewers|minimum_sme_reviewers|minimum_test_records|minimum_distinct_environments"
245,troubleshoot-wireless-roaming,Troubleshoot wireless roaming,Network & Connectivity,P2,under_review,24,42,42,false,planned,Planned,20,high,20,temporary_topic_proxy,metadata_only,network,none,0,none,none,0,none,2,false,"diagnostic_tested|remediation_tested|rollback_or_irreversibility_confirmed|escalation_confirmed|time_validated|expected_result_confirmed|owner_signoff|authoritative_source_provenance|last_tested|minimum_peer_reviewers|minimum_sme_reviewers|minimum_test_records|minimum_distinct_environments"
246,teams-microphone-not-working,Resolve a Teams microphone not working,Microsoft 365 & Collaboration,P2,revalidation_required,18,40,40,false,planned,Planned,20,high,20,temporary_topic_proxy,metadata_only,teams,none,0,none,none,0,none,0,false,"diagnostic_tested|remediation_tested|rollback_or_irreversibility_confirmed|escalation_confirmed|time_validated|expected_result_confirmed|owner_signoff|authoritative_source_provenance|tested_platforms|last_tested|minimum_peer_reviewers|minimum_sme_reviewers|minimum_test_records|minimum_distinct_environments"
247,general-workstation-triage,Resolve a vague or multi-component workstation issue,Windows Endpoints,P2,revalidation_required,18,40,40,false,planned,Planned,20,high,20,temporary_topic_proxy,metadata_only,network,none,0,none,none,0,none,0,false,"diagnostic_tested|remediation_tested|rollback_or_irreversibility_confirmed|escalation_confirmed|time_validated|expected_result_confirmed|owner_signoff|authoritative_source_provenance|tested_platforms|last_tested|minimum_peer_reviewers|minimum_sme_reviewers|minimum_test_records|minimum_distinct_environments"
248,no-network-docking-station,Resolve no network on a docking station,Network & Connectivity,P2,revalidation_required,18,40,40,false,planned,Planned,20,high,20,temporary_topic_proxy,metadata_only,network,none,0,none,none,0,none,0,false,"diagnostic_tested|remediation_tested|rollback_or_irreversibility_confirmed|escalation_confirmed|time_validated|expected_result_confirmed|owner_signoff|authoritative_source_provenance|tested_platforms|last_tested|minimum_peer_reviewers|minimum_sme_reviewers|minimum_test_records|minimum_distinct_environments"
249,outlook-crashes,Resolve Outlook crashes or failure to open,Microsoft 365 & Collaboration,P2,revalidation_required,18,40,40,false,planned,Planned,20,high,20,temporary_topic_proxy,metadata_only,outlook,none,0,none,none,0,none,0,false,"diagnostic_tested|remediation_tested|rollback_or_irreversibility_confirmed|escalation_confirmed|time_validated|expected_result_confirmed|owner_signoff|authoritative_source_provenance|tested_platforms|last_tested|minimum_peer_reviewers|minimum_sme_reviewers|minimum_test_records|minimum_distinct_environments"
250,clear-and-rebuild-the-teams-cache,Clear and rebuild the Teams cache,Microsoft 365 & Collaboration,P3,under_review,24,32,32,false,planned,Planned,10,high,20,temporary_topic_proxy,metadata_only,teams,none,0,none,none,0,none,2,false,"diagnostic_tested|remediation_tested|rollback_or_irreversibility_confirmed|escalation_confirmed|time_validated|expected_result_confirmed|owner_signoff|authoritative_source_provenance|last_tested|minimum_peer_reviewers|minimum_technical_reviewers|minimum_test_records|minimum_distinct_environments"
251,recover-an-outlook-pst-file,Recover an Outlook PST file,"Data Protection, Backup & Recovery",P3,under_review,24,32,32,false,planned,Planned,10,high,20,temporary_topic_proxy,metadata_only,outlook,none,0,none,none,0,none,2,false,"diagnostic_tested|remediation_tested|rollback_or_irreversibility_confirmed|escalation_confirmed|time_validated|expected_result_confirmed|owner_signoff|authoritative_source_provenance|last_tested|minimum_peer_reviewers|minimum_technical_reviewers|minimum_test_records|minimum_distinct_environments"
252,repair-a-corrupted-outlook-data-cache,Repair a corrupted Outlook data cache,Microsoft 365 & Collaboration,P3,under_review,24,32,32,false,planned,Planned,10,high,20,temporary_topic_proxy,metadata_only,outlook,none,0,none,none,0,none,2,false,"diagnostic_tested|remediation_tested|rollback_or_irreversibility_confirmed|escalation_confirmed|time_validated|expected_result_confirmed|owner_signoff|authoritative_source_provenance|last_tested|minimum_peer_reviewers|minimum_technical_reviewers|minimum_test_records|minimum_distinct_environments"
253,repair-an-outlook-profile,Repair an Outlook profile,Microsoft 365 & Collaboration,P3,under_review,24,32,32,false,planned,Planned,10,high,20,temporary_topic_proxy,metadata_only,outlook,none,0,none,none,0,none,2,false,"diagnostic_tested|remediation_tested|rollback_or_irreversibility_confirmed|escalation_confirmed|time_validated|expected_result_confirmed|owner_signoff|authoritative_source_provenance|last_tested|minimum_peer_reviewers|minimum_technical_reviewers|minimum_test_records|minimum_distinct_environments"
254,resolve-a-paper-jam-safely,Resolve a paper jam safely,Printing & Scanning,P2,under_review,24,32,32,false,planned,Planned,20,medium,10,temporary_topic_proxy,metadata_only,printing,none,0,none,none,0,none,2,false,"diagnostic_tested|remediation_tested|rollback_or_irreversibility_confirmed|escalation_confirmed|time_validated|expected_result_confirmed|owner_signoff|authoritative_source_provenance|last_tested|minimum_peer_reviewers|minimum_sme_reviewers|minimum_test_records|minimum_distinct_environments"
255,troubleshoot-outlook-add-ins,Troubleshoot Outlook add-ins,Microsoft 365 & Collaboration,P3,under_review,24,32,32,false,planned,Planned,10,high,20,temporary_topic_proxy,metadata_only,outlook,none,0,none,none,0,none,2,false,"diagnostic_tested|remediation_tested|rollback_or_irreversibility_confirmed|escalation_confirmed|time_validated|expected_result_confirmed|owner_signoff|authoritative_source_provenance|last_tested|minimum_peer_reviewers|minimum_technical_reviewers|minimum_test_records|minimum_distinct_environments"
256,troubleshoot-outlook-search,Troubleshoot Outlook search,Microsoft 365 & Collaboration,P3,under_review,24,32,32,false,planned,Planned,10,high,20,temporary_topic_proxy,metadata_only,outlook,none,0,none,none,0,none,2,false,"diagnostic_tested|remediation_tested|rollback_or_irreversibility_confirmed|escalation_confirmed|time_validated|expected_result_confirmed|owner_signoff|authoritative_source_provenance|last_tested|minimum_peer_reviewers|minimum_technical_reviewers|minimum_test_records|minimum_distinct_environments"
257,troubleshoot-poor-print-quality,Troubleshoot poor print quality,Printing & Scanning,P2,under_review,24,32,32,false,planned,Planned,20,medium,10,temporary_topic_proxy,metadata_only,printing,none,0,none,none,0,none,2,false,"diagnostic_tested|remediation_tested|rollback_or_irreversibility_confirmed|escalation_confirmed|time_validated|expected_result_confirmed|owner_signoff|authoritative_source_provenance|last_tested|minimum_peer_reviewers|minimum_sme_reviewers|minimum_test_records|minimum_distinct_environments"
258,troubleshoot-teams-presence,Troubleshoot Teams presence,Microsoft 365 & Collaboration,P3,under_review,24,32,32,false,planned,Planned,10,high,20,temporary_topic_proxy,metadata_only,teams,none,0,none,none,0,none,2,false,"diagnostic_tested|remediation_tested|rollback_or_irreversibility_confirmed|escalation_confirmed|time_validated|expected_result_confirmed|owner_signoff|authoritative_source_provenance|last_tested|minimum_peer_reviewers|minimum_technical_reviewers|minimum_test_records|minimum_distinct_environments"
259,troubleshoot-universal-print,Troubleshoot Universal Print,Printing & Scanning,P2,under_review,24,32,32,false,planned,Planned,20,medium,10,temporary_topic_proxy,metadata_only,printing,none,0,none,none,0,none,2,false,"diagnostic_tested|remediation_tested|rollback_or_irreversibility_confirmed|escalation_confirmed|time_validated|expected_result_confirmed|owner_signoff|authoritative_source_provenance|last_tested|minimum_peer_reviewers|minimum_sme_reviewers|minimum_test_records|minimum_distinct_environments"
260,apply-an-approved-standard-configuration,Apply an approved standard configuration,Lifecycle & Asset Management,P2,under_review,24,30,22,true,planned,Planned,20,none,0,none,none,,none,0,none,none,0,none,2,false,"diagnostic_tested|remediation_tested|rollback_or_irreversibility_confirmed|escalation_confirmed|time_validated|expected_result_confirmed|owner_signoff|authoritative_source_provenance|last_tested|minimum_peer_reviewers|minimum_sme_reviewers|minimum_test_records|minimum_distinct_environments"
261,assess-accidental-or-liquid-damage,Assess accidental or liquid damage,Hardware & Peripherals,P2,under_review,24,30,22,true,planned,Planned,20,none,0,none,none,,none,0,none,none,0,none,2,false,"diagnostic_tested|remediation_tested|rollback_or_irreversibility_confirmed|escalation_confirmed|time_validated|expected_result_confirmed|owner_signoff|authoritative_source_provenance|last_tested|minimum_peer_reviewers|minimum_sme_reviewers|minimum_test_records|minimum_distinct_environments"
262,assess-business-impact-and-urgency,Assess business impact and urgency,Service Desk & ITSM,P2,under_review,24,30,22,true,planned,Planned,20,none,0,none,none,,none,0,none,none,0,none,2,false,"diagnostic_tested|remediation_tested|rollback_or_irreversibility_confirmed|escalation_confirmed|time_validated|expected_result_confirmed|owner_signoff|authoritative_source_provenance|last_tested|minimum_peer_reviewers|minimum_sme_reviewers|minimum_test_records|minimum_distinct_environments"
263,assess-storage-drive-health,Assess storage drive health,Windows Endpoints,P2,under_review,24,30,22,true,planned,Planned,20,none,0,none,none,,none,0,none,none,0,none,2,false,"diagnostic_tested|remediation_tested|rollback_or_irreversibility_confirmed|escalation_confirmed|time_validated|expected_result_confirmed|owner_signoff|authoritative_source_provenance|last_tested|minimum_peer_reviewers|minimum_sme_reviewers|minimum_test_records|minimum_distinct_environments"
264,assign-or-remove-a-microsoft-365-licence,Assign or remove a Microsoft 365 licence,Identity & Access Management,P2,under_review,24,30,22,true,planned,Planned,20,none,0,none,none,,none,0,none,none,0,none,2,false,"diagnostic_tested|remediation_tested|rollback_or_irreversibility_confirmed|escalation_confirmed|time_validated|expected_result_confirmed|owner_signoff|authoritative_source_provenance|last_tested|minimum_peer_reviewers|minimum_sme_reviewers|minimum_test_records|minimum_distinct_environments"
265,audit-assigned-equipment,Audit assigned equipment,Lifecycle & Asset Management,P2,under_review,24,30,22,true,planned,Planned,20,none,0,none,none,,none,0,none,none,0,none,2,false,"diagnostic_tested|remediation_tested|rollback_or_irreversibility_confirmed|escalation_confirmed|time_validated|expected_result_confirmed|owner_signoff|authoritative_source_provenance|last_tested|minimum_peer_reviewers|minimum_sme_reviewers|minimum_test_records|minimum_distinct_environments"
266,check-domain-controller-health,Check domain controller health,Servers & Core Infrastructure,P2,under_review,24,30,22,true,planned,Planned,20,none,0,none,none,,none,0,none,none,0,none,2,false,"diagnostic_tested|remediation_tested|rollback_or_irreversibility_confirmed|escalation_confirmed|time_validated|expected_result_confirmed|owner_signoff|authoritative_source_provenance|last_tested|minimum_peer_reviewers|minimum_sme_reviewers|minimum_test_records|minimum_distinct_environments"
267,classify-incident-category-and-priority,Classify incident category and priority,Service Desk & ITSM,P2,under_review,24,30,22,true,planned,Planned,20,none,0,none,none,,none,0,none,none,0,none,2,false,"diagnostic_tested|remediation_tested|rollback_or_irreversibility_confirmed|escalation_confirmed|time_validated|expected_result_confirmed|owner_signoff|authoritative_source_provenance|last_tested|minimum_peer_reviewers|minimum_sme_reviewers|minimum_test_records|minimum_distinct_environments"
268,clear-browser-cache-and-cookies-safely,Clear browser cache and cookies safely,Business Applications & Browsers,P2,under_review,24,30,22,true,planned,Planned,20,none,0,none,none,,none,0,none,none,0,none,2,false,"diagnostic_tested|remediation_tested|rollback_or_irreversibility_confirmed|escalation_confirmed|time_validated|expected_result_confirmed|owner_signoff|authoritative_source_provenance|last_tested|minimum_peer_reviewers|minimum_sme_reviewers|minimum_test_records|minimum_distinct_environments"
269,collect-a-windows-crash-dump,Collect a Windows crash dump,Windows Endpoints,P2,under_review,24,30,22,true,planned,Planned,20,none,0,none,none,,none,0,none,none,0,none,2,false,"diagnostic_tested|remediation_tested|rollback_or_irreversibility_confirmed|escalation_confirmed|time_validated|expected_result_confirmed|owner_signoff|authoritative_source_provenance|last_tested|minimum_peer_reviewers|minimum_sme_reviewers|minimum_test_records|minimum_distinct_environments"
270,collect-business-application-logs,Collect business-application logs,Business Applications & Browsers,P2,under_review,24,30,22,true,planned,Planned,20,none,0,none,none,,none,0,none,none,0,none,2,false,"diagnostic_tested|remediation_tested|rollback_or_irreversibility_confirmed|escalation_confirmed|time_validated|expected_result_confirmed|owner_signoff|authoritative_source_provenance|last_tested|minimum_peer_reviewers|minimum_sme_reviewers|minimum_test_records|minimum_distinct_environments"
271,collect-cloud-resource-diagnostics,Collect cloud resource diagnostics,Cloud & Virtualisation,P2,under_review,24,30,22,true,planned,Planned,20,none,0,none,none,,none,0,none,none,0,none,2,false,"diagnostic_tested|remediation_tested|rollback_or_irreversibility_confirmed|escalation_confirmed|time_validated|expected_result_confirmed|owner_signoff|authoritative_source_provenance|last_tested|minimum_peer_reviewers|minimum_sme_reviewers|minimum_test_records|minimum_distinct_environments"
272,collect-linux-logs-for-escalation,Collect Linux logs for escalation,Linux & Developer Workstations,P2,under_review,24,30,22,true,planned,Planned,20,none,0,none,none,,none,0,none,none,0,none,2,false,"diagnostic_tested|remediation_tested|rollback_or_irreversibility_confirmed|escalation_confirmed|time_validated|expected_result_confirmed|owner_signoff|authoritative_source_provenance|last_tested|minimum_peer_reviewers|minimum_sme_reviewers|minimum_test_records|minimum_distinct_environments"
273,collect-macos-diagnostic-logs,Collect macOS diagnostic logs,macOS Endpoints,P2,under_review,24,30,22,true,planned,Planned,20,none,0,none,none,,none,0,none,none,0,none,2,false,"diagnostic_tested|remediation_tested|rollback_or_irreversibility_confirmed|escalation_confirmed|time_validated|expected_result_confirmed|owner_signoff|authoritative_source_provenance|last_tested|minimum_peer_reviewers|minimum_sme_reviewers|minimum_test_records|minimum_distinct_environments"
274,collect-returned-equipment,Collect returned equipment,Lifecycle & Asset Management,P2,under_review,24,30,22,true,planned,Planned,20,none,0,none,none,,none,0,none,none,0,none,2,false,"diagnostic_tested|remediation_tested|rollback_or_irreversibility_confirmed|escalation_confirmed|time_validated|expected_result_confirmed|owner_signoff|authoritative_source_provenance|last_tested|minimum_peer_reviewers|minimum_sme_reviewers|minimum_test_records|minimum_distinct_environments"
275,collect-server-logs-for-escalation,Collect server logs for escalation,Servers & Core Infrastructure,P2,under_review,24,30,22,true,planned,Planned,20,none,0,none,none,,none,0,none,none,0,none,2,false,"diagnostic_tested|remediation_tested|rollback_or_irreversibility_confirmed|escalation_confirmed|time_validated|expected_result_confirmed|owner_signoff|authoritative_source_provenance|last_tested|minimum_peer_reviewers|minimum_sme_reviewers|minimum_test_records|minimum_distinct_environments"
276,collect-windows-event-logs-for-escalation,Collect Windows event logs for escalation,Windows Endpoints,P2,under_review,24,30,22,true,planned,Planned,20,none,0,none,none,,none,0,none,none,0,none,2,false,"diagnostic_tested|remediation_tested|rollback_or_irreversibility_confirmed|escalation_confirmed|time_validated|expected_result_confirmed|owner_signoff|authoritative_source_provenance|last_tested|minimum_peer_reviewers|minimum_sme_reviewers|minimum_test_records|minimum_distinct_environments"
277,complete-a-post-incident-review,Complete a post-incident review,Service Desk & ITSM,P2,under_review,24,30,22,true,planned,Planned,20,none,0,none,none,,none,0,none,none,0,none,2,false,"diagnostic_tested|remediation_tested|rollback_or_irreversibility_confirmed|escalation_confirmed|time_validated|expected_result_confirmed|owner_signoff|authoritative_source_provenance|last_tested|minimum_peer_reviewers|minimum_sme_reviewers|minimum_test_records|minimum_distinct_environments"
278,configure-corporate-email-on-android,Configure corporate email on Android,Mobile Devices & MDM,P2,under_review,24,30,22,true,planned,Planned,20,none,0,none,none,,none,0,none,none,0,none,2,false,"diagnostic_tested|remediation_tested|rollback_or_irreversibility_confirmed|escalation_confirmed|time_validated|expected_result_confirmed|owner_signoff|authoritative_source_provenance|last_tested|minimum_peer_reviewers|minimum_sme_reviewers|minimum_test_records|minimum_distinct_environments"
279,coordinate-an-approved-server-restart,Coordinate an approved server restart,Servers & Core Infrastructure,P2,under_review,24,30,22,true,planned,Planned,20,none,0,none,none,,none,0,none,none,0,none,2,false,"diagnostic_tested|remediation_tested|rollback_or_irreversibility_confirmed|escalation_confirmed|time_validated|expected_result_confirmed|owner_signoff|authoritative_source_provenance|last_tested|minimum_peer_reviewers|minimum_sme_reviewers|minimum_test_records|minimum_distinct_environments"
280,correct-an-asset-inventory-mismatch,Correct an asset inventory mismatch,Lifecycle & Asset Management,P2,under_review,24,30,22,true,planned,Planned,20,none,0,none,none,,none,0,none,none,0,none,2,false,"diagnostic_tested|remediation_tested|rollback_or_irreversibility_confirmed|escalation_confirmed|time_validated|expected_result_confirmed|owner_signoff|authoritative_source_provenance|last_tested|minimum_peer_reviewers|minimum_sme_reviewers|minimum_test_records|minimum_distinct_environments"
281,create-a-problem-record-from-recurring-incidents,Create a problem record from recurring incidents,Service Desk & ITSM,P2,under_review,24,30,22,true,planned,Planned,20,none,0,none,none,,none,0,none,none,0,none,2,false,"diagnostic_tested|remediation_tested|rollback_or_irreversibility_confirmed|escalation_confirmed|time_validated|expected_result_confirmed|owner_signoff|authoritative_source_provenance|last_tested|minimum_peer_reviewers|minimum_sme_reviewers|minimum_test_records|minimum_distinct_environments"
282,create-or-update-a-knowledge-article,Create or update a knowledge article,Service Desk & ITSM,P2,under_review,24,30,22,true,planned,Planned,20,none,0,none,none,,none,0,none,none,0,none,2,false,"diagnostic_tested|remediation_tested|rollback_or_irreversibility_confirmed|escalation_confirmed|time_validated|expected_result_confirmed|owner_signoff|authoritative_source_provenance|last_tested|minimum_peer_reviewers|minimum_sme_reviewers|minimum_test_records|minimum_distinct_environments"
283,dispose-of-equipment-through-an-approved-process,Dispose of equipment through an approved process,Lifecycle & Asset Management,P2,under_review,24,30,22,true,planned,Planned,20,none,0,none,none,,none,0,none,none,0,none,2,false,"diagnostic_tested|remediation_tested|rollback_or_irreversibility_confirmed|escalation_confirmed|time_validated|expected_result_confirmed|owner_signoff|authoritative_source_provenance|last_tested|minimum_peer_reviewers|minimum_sme_reviewers|minimum_test_records|minimum_distinct_environments"
284,engage-a-third-party-vendor-for-support,Engage a third-party vendor for support,Service Desk & ITSM,P2,under_review,24,30,22,true,planned,Planned,20,none,0,none,none,,none,0,none,none,0,none,2,false,"diagnostic_tested|remediation_tested|rollback_or_irreversibility_confirmed|escalation_confirmed|time_validated|expected_result_confirmed|owner_signoff|authoritative_source_provenance|last_tested|minimum_peer_reviewers|minimum_sme_reviewers|minimum_test_records|minimum_distinct_environments"
285,enrol-a-mac-into-mdm,Enrol a Mac into MDM,macOS Endpoints,P2,under_review,24,30,22,true,planned,Planned,20,none,0,none,none,,none,0,none,none,0,none,2,false,"diagnostic_tested|remediation_tested|rollback_or_irreversibility_confirmed|escalation_confirmed|time_validated|expected_result_confirmed|owner_signoff|authoritative_source_provenance|last_tested|minimum_peer_reviewers|minimum_sme_reviewers|minimum_test_records|minimum_distinct_environments"
286,enrol-an-android-device-into-mdm,Enrol an Android device into MDM,Mobile Devices & MDM,P2,under_review,24,30,22,true,planned,Planned,20,none,0,none,none,,none,0,none,none,0,none,2,false,"diagnostic_tested|remediation_tested|rollback_or_irreversibility_confirmed|escalation_confirmed|time_validated|expected_result_confirmed|owner_signoff|authoritative_source_provenance|last_tested|minimum_peer_reviewers|minimum_sme_reviewers|minimum_test_records|minimum_distinct_environments"
287,enrol-an-iphone-or-ipad-into-mdm,Enrol an iPhone or iPad into MDM,Mobile Devices & MDM,P2,under_review,24,30,22,true,planned,Planned,20,none,0,none,none,,none,0,none,none,0,none,2,false,"diagnostic_tested|remediation_tested|rollback_or_irreversibility_confirmed|escalation_confirmed|time_validated|expected_result_confirmed|owner_signoff|authoritative_source_provenance|last_tested|minimum_peer_reviewers|minimum_sme_reviewers|minimum_test_records|minimum_distinct_environments"
288,escalate-a-cloud-quota-or-capacity-issue,Escalate a cloud quota or capacity issue,Cloud & Virtualisation,P2,under_review,24,30,22,true,planned,Planned,20,none,0,none,none,,none,0,none,none,0,none,2,false,"diagnostic_tested|remediation_tested|rollback_or_irreversibility_confirmed|escalation_confirmed|time_validated|expected_result_confirmed|owner_signoff|authoritative_source_provenance|last_tested|minimum_peer_reviewers|minimum_sme_reviewers|minimum_test_records|minimum_distinct_environments"
289,escalate-an-incident-with-complete-evidence,Escalate an incident with complete evidence,Service Desk & ITSM,P2,under_review,24,30,22,true,planned,Planned,20,none,0,none,none,,none,0,none,none,0,none,2,false,"diagnostic_tested|remediation_tested|rollback_or_irreversibility_confirmed|escalation_confirmed|time_validated|expected_result_confirmed|owner_signoff|authoritative_source_provenance|last_tested|minimum_peer_reviewers|minimum_sme_reviewers|minimum_test_records|minimum_distinct_environments"
290,grant-access-through-an-approved-request,Grant access through an approved request,Identity & Access Management,P2,under_review,24,30,22,true,planned,Planned,20,none,0,none,none,,none,0,none,none,0,none,2,false,"diagnostic_tested|remediation_tested|rollback_or_irreversibility_confirmed|escalation_confirmed|time_validated|expected_result_confirmed|owner_signoff|authoritative_source_provenance|last_tested|minimum_peer_reviewers|minimum_sme_reviewers|minimum_test_records|minimum_distinct_environments"
291,grant-calendar-delegate-access,Grant calendar delegate access,Identity & Access Management,P2,under_review,24,30,22,true,planned,Planned,20,none,0,none,none,,none,0,none,none,0,none,2,false,"diagnostic_tested|remediation_tested|rollback_or_irreversibility_confirmed|escalation_confirmed|time_validated|expected_result_confirmed|owner_signoff|authoritative_source_provenance|last_tested|minimum_peer_reviewers|minimum_sme_reviewers|minimum_test_records|minimum_distinct_environments"
292,handle-a-duplicate-incident,Handle a duplicate incident,Service Desk & ITSM,P2,under_review,24,30,22,true,planned,Planned,20,none,0,none,none,,none,0,none,none,0,none,2,false,"diagnostic_tested|remediation_tested|rollback_or_irreversibility_confirmed|escalation_confirmed|time_validated|expected_result_confirmed|owner_signoff|authoritative_source_provenance|last_tested|minimum_peer_reviewers|minimum_sme_reviewers|minimum_test_records|minimum_distinct_environments"
293,investigate-an-overheating-windows-device,Investigate an overheating Windows device,Windows Endpoints,P2,under_review,24,30,22,true,planned,Planned,20,none,0,none,none,,none,0,none,none,0,none,2,false,"diagnostic_tested|remediation_tested|rollback_or_irreversibility_confirmed|escalation_confirmed|time_validated|expected_result_confirmed|owner_signoff|authoritative_source_provenance|last_tested|minimum_peer_reviewers|minimum_sme_reviewers|minimum_test_records|minimum_distinct_environments"
294,investigate-unusual-fan-noise,Investigate unusual fan noise,Hardware & Peripherals,P2,under_review,24,30,22,true,planned,Planned,20,none,0,none,none,,none,0,none,none,0,none,2,false,"diagnostic_tested|remediation_tested|rollback_or_irreversibility_confirmed|escalation_confirmed|time_validated|expected_result_confirmed|owner_signoff|authoritative_source_provenance|last_tested|minimum_peer_reviewers|minimum_sme_reviewers|minimum_test_records|minimum_distinct_environments"
295,isolate-an-endpoint-through-approved-edr-controls,Isolate an endpoint through approved EDR controls,Security & Compliance,P2,under_review,24,30,22,true,planned,Planned,20,none,0,none,none,,none,0,none,none,0,none,2,false,"diagnostic_tested|remediation_tested|rollback_or_irreversibility_confirmed|escalation_confirmed|time_validated|expected_result_confirmed|owner_signoff|authoritative_source_provenance|last_tested|minimum_peer_reviewers|minimum_sme_reviewers|minimum_test_records|minimum_distinct_environments"
296,issue-and-track-a-loan-device,Issue and track a loan device,Hardware & Peripherals,P2,under_review,24,30,22,true,planned,Planned,20,none,0,none,none,,none,0,none,none,0,none,2,false,"diagnostic_tested|remediation_tested|rollback_or_irreversibility_confirmed|escalation_confirmed|time_validated|expected_result_confirmed|owner_signoff|authoritative_source_provenance|last_tested|minimum_peer_reviewers|minimum_sme_reviewers|minimum_test_records|minimum_distinct_environments"
297,join-a-windows-device-to-the-corporate-directory,Join a Windows device to the corporate directory,Windows Endpoints,P2,under_review,24,30,22,true,planned,Planned,20,none,0,none,none,,none,0,none,none,0,none,2,false,"diagnostic_tested|remediation_tested|rollback_or_irreversibility_confirmed|escalation_confirmed|time_validated|expected_result_confirmed|owner_signoff|authoritative_source_provenance|last_tested|minimum_peer_reviewers|minimum_sme_reviewers|minimum_test_records|minimum_distinct_environments"
298,link-an-incident-to-a-recent-change,Link an incident to a recent change,Service Desk & ITSM,P2,under_review,24,30,22,true,planned,Planned,20,none,0,none,none,,none,0,none,none,0,none,2,false,"diagnostic_tested|remediation_tested|rollback_or_irreversibility_confirmed|escalation_confirmed|time_validated|expected_result_confirmed|owner_signoff|authoritative_source_provenance|last_tested|minimum_peer_reviewers|minimum_sme_reviewers|minimum_test_records|minimum_distinct_environments"
299,manage-a-distribution-group-membership-request,Manage a distribution group membership request,Identity & Access Management,P2,under_review,24,30,22,true,planned,Planned,20,none,0,none,none,,none,0,none,none,0,none,2,false,"diagnostic_tested|remediation_tested|rollback_or_irreversibility_confirmed|escalation_confirmed|time_validated|expected_result_confirmed|owner_signoff|authoritative_source_provenance|last_tested|minimum_peer_reviewers|minimum_sme_reviewers|minimum_test_records|minimum_distinct_environments"
300,manage-an-sla-breach-risk,Manage an SLA breach risk,Service Desk & ITSM,P2,under_review,24,30,22,true,planned,Planned,20,none,0,none,none,,none,0,none,none,0,none,2,false,"diagnostic_tested|remediation_tested|rollback_or_irreversibility_confirmed|escalation_confirmed|time_validated|expected_result_confirmed|owner_signoff|authoritative_source_provenance|last_tested|minimum_peer_reviewers|minimum_sme_reviewers|minimum_test_records|minimum_distinct_environments"
301,migrate-an-authenticator-to-a-replacement-phone,Migrate an authenticator to a replacement phone,Mobile Devices & MDM,P2,under_review,24,30,22,true,planned,Planned,20,none,0,none,none,,none,0,none,none,0,none,2,false,"diagnostic_tested|remediation_tested|rollback_or_irreversibility_confirmed|escalation_confirmed|time_validated|expected_result_confirmed|owner_signoff|authoritative_source_provenance|last_tested|minimum_peer_reviewers|minimum_sme_reviewers|minimum_test_records|minimum_distinct_environments"
302,migrate-user-data-to-a-replacement-device,Migrate user data to a replacement device,"Data Protection, Backup & Recovery",P2,under_review,24,30,22,true,planned,Planned,20,none,0,none,none,,none,0,none,none,0,none,2,false,"diagnostic_tested|remediation_tested|rollback_or_irreversibility_confirmed|escalation_confirmed|time_validated|expected_result_confirmed|owner_signoff|authoritative_source_provenance|last_tested|minimum_peer_reviewers|minimum_sme_reviewers|minimum_test_records|minimum_distinct_environments"
303,offboard-and-recover-a-departing-employee-device,Offboard and recover a departing employee device,Lifecycle & Asset Management,P2,under_review,24,30,22,true,planned,Planned,20,none,0,none,none,,none,0,none,none,0,none,2,false,"diagnostic_tested|remediation_tested|rollback_or_irreversibility_confirmed|escalation_confirmed|time_validated|expected_result_confirmed|owner_signoff|authoritative_source_provenance|last_tested|minimum_peer_reviewers|minimum_sme_reviewers|minimum_test_records|minimum_distinct_environments"
304,onboard-a-new-employee-device,Onboard a new employee device,Lifecycle & Asset Management,P2,under_review,24,30,22,true,planned,Planned,20,none,0,none,none,,none,0,none,none,0,none,2,false,"diagnostic_tested|remediation_tested|rollback_or_irreversibility_confirmed|escalation_confirmed|time_validated|expected_result_confirmed|owner_signoff|authoritative_source_provenance|last_tested|minimum_peer_reviewers|minimum_sme_reviewers|minimum_test_records|minimum_distinct_environments"
305,perform-a-desk-move,Perform a desk move,Lifecycle & Asset Management,P2,under_review,24,30,22,true,planned,Planned,20,none,0,none,none,,none,0,none,none,0,none,2,false,"diagnostic_tested|remediation_tested|rollback_or_irreversibility_confirmed|escalation_confirmed|time_validated|expected_result_confirmed|owner_signoff|authoritative_source_provenance|last_tested|minimum_peer_reviewers|minimum_sme_reviewers|minimum_test_records|minimum_distinct_environments"
306,perform-a-device-health-check,Perform a device health check,Lifecycle & Asset Management,P2,under_review,24,30,22,true,planned,Planned,20,none,0,none,none,,none,0,none,none,0,none,2,false,"diagnostic_tested|remediation_tested|rollback_or_irreversibility_confirmed|escalation_confirmed|time_validated|expected_result_confirmed|owner_signoff|authoritative_source_provenance|last_tested|minimum_peer_reviewers|minimum_sme_reviewers|minimum_test_records|minimum_distinct_environments"
307,perform-an-office-equipment-relocation,Perform an office equipment relocation,Lifecycle & Asset Management,P2,under_review,24,30,22,true,planned,Planned,20,none,0,none,none,,none,0,none,none,0,none,2,false,"diagnostic_tested|remediation_tested|rollback_or_irreversibility_confirmed|escalation_confirmed|time_validated|expected_result_confirmed|owner_signoff|authoritative_source_provenance|last_tested|minimum_peer_reviewers|minimum_sme_reviewers|minimum_test_records|minimum_distinct_environments"
308,perform-initial-incident-triage,Perform initial incident triage,Service Desk & ITSM,P2,under_review,24,30,22,true,planned,Planned,20,none,0,none,none,,none,0,none,none,0,none,2,false,"diagnostic_tested|remediation_tested|rollback_or_irreversibility_confirmed|escalation_confirmed|time_validated|expected_result_confirmed|owner_signoff|authoritative_source_provenance|last_tested|minimum_peer_reviewers|minimum_sme_reviewers|minimum_test_records|minimum_distinct_environments"
309,perform-shift-handover-for-open-incidents,Perform shift handover for open incidents,Service Desk & ITSM,P2,under_review,24,30,22,true,planned,Planned,20,none,0,none,none,,none,0,none,none,0,none,2,false,"diagnostic_tested|remediation_tested|rollback_or_irreversibility_confirmed|escalation_confirmed|time_validated|expected_result_confirmed|owner_signoff|authoritative_source_provenance|last_tested|minimum_peer_reviewers|minimum_sme_reviewers|minimum_test_records|minimum_distinct_environments"
310,prepare-a-device-for-reassignment,Prepare a device for reassignment,Lifecycle & Asset Management,P2,under_review,24,30,22,true,planned,Planned,20,none,0,none,none,,none,0,none,none,0,none,2,false,"diagnostic_tested|remediation_tested|rollback_or_irreversibility_confirmed|escalation_confirmed|time_validated|expected_result_confirmed|owner_signoff|authoritative_source_provenance|last_tested|minimum_peer_reviewers|minimum_sme_reviewers|minimum_test_records|minimum_distinct_environments"
311,prepare-a-device-for-warranty-repair,Prepare a device for warranty repair,Hardware & Peripherals,P2,under_review,24,30,22,true,planned,Planned,20,none,0,none,none,,none,0,none,none,0,none,2,false,"diagnostic_tested|remediation_tested|rollback_or_irreversibility_confirmed|escalation_confirmed|time_validated|expected_result_confirmed|owner_signoff|authoritative_source_provenance|last_tested|minimum_peer_reviewers|minimum_sme_reviewers|minimum_test_records|minimum_distinct_environments"
312,prepare-a-standard-corporate-workstation,Prepare a standard corporate workstation,Lifecycle & Asset Management,P2,under_review,24,30,22,true,planned,Planned,20,none,0,none,none,,none,0,none,none,0,none,2,false,"diagnostic_tested|remediation_tested|rollback_or_irreversibility_confirmed|escalation_confirmed|time_validated|expected_result_confirmed|owner_signoff|authoritative_source_provenance|last_tested|minimum_peer_reviewers|minimum_sme_reviewers|minimum_test_records|minimum_distinct_environments"
313,prepare-and-validate-a-high-priority-video-conference,Prepare and validate a high-priority video conference,"Voice, Telephony & Meeting Rooms",P2,under_review,24,30,22,true,planned,Planned,20,none,0,none,none,,none,0,none,none,0,none,2,false,"diagnostic_tested|remediation_tested|rollback_or_irreversibility_confirmed|escalation_confirmed|time_validated|expected_result_confirmed|owner_signoff|authoritative_source_provenance|last_tested|minimum_peer_reviewers|minimum_sme_reviewers|minimum_test_records|minimum_distinct_environments"
314,preserve-chain-of-custody-for-a-device,Preserve chain of custody for a device,Security & Compliance,P2,under_review,24,30,22,true,planned,Planned,20,none,0,none,none,,none,0,none,none,0,none,2,false,"diagnostic_tested|remediation_tested|rollback_or_irreversibility_confirmed|escalation_confirmed|time_validated|expected_result_confirmed|owner_signoff|authoritative_source_provenance|last_tested|minimum_peer_reviewers|minimum_sme_reviewers|minimum_test_records|minimum_distinct_environments"
315,process-a-hardware-request,Process a hardware request,Lifecycle & Asset Management,P2,under_review,24,30,22,true,planned,Planned,20,none,0,none,none,,none,0,none,none,0,none,2,false,"diagnostic_tested|remediation_tested|rollback_or_irreversibility_confirmed|escalation_confirmed|time_validated|expected_result_confirmed|owner_signoff|authoritative_source_provenance|last_tested|minimum_peer_reviewers|minimum_sme_reviewers|minimum_test_records|minimum_distinct_environments"
316,process-a-software-installation-request,Process a software installation request,Lifecycle & Asset Management,P2,under_review,24,30,22,true,planned,Planned,20,none,0,none,none,,none,0,none,none,0,none,2,false,"diagnostic_tested|remediation_tested|rollback_or_irreversibility_confirmed|escalation_confirmed|time_validated|expected_result_confirmed|owner_signoff|authoritative_source_provenance|last_tested|minimum_peer_reviewers|minimum_sme_reviewers|minimum_test_records|minimum_distinct_environments"
317,process-a-standard-service-request,Process a standard service request,Service Desk & ITSM,P2,under_review,24,30,22,true,planned,Planned,20,none,0,none,none,,none,0,none,none,0,none,2,false,"diagnostic_tested|remediation_tested|rollback_or_irreversibility_confirmed|escalation_confirmed|time_validated|expected_result_confirmed|owner_signoff|authoritative_source_provenance|last_tested|minimum_peer_reviewers|minimum_sme_reviewers|minimum_test_records|minimum_distinct_environments"
318,process-a-vendor-rma,Process a vendor RMA,Hardware & Peripherals,P2,under_review,24,30,22,true,planned,Planned,20,none,0,none,none,,none,0,none,none,0,none,2,false,"diagnostic_tested|remediation_tested|rollback_or_irreversibility_confirmed|escalation_confirmed|time_validated|expected_result_confirmed|owner_signoff|authoritative_source_provenance|last_tested|minimum_peer_reviewers|minimum_sme_reviewers|minimum_test_records|minimum_distinct_environments"
319,provide-secure-remote-support,Provide secure remote support,Service Desk & ITSM,P2,under_review,24,30,22,true,planned,Planned,20,none,0,none,none,,none,0,none,none,0,none,2,false,"diagnostic_tested|remediation_tested|rollback_or_irreversibility_confirmed|escalation_confirmed|time_validated|expected_result_confirmed|owner_signoff|authoritative_source_provenance|last_tested|minimum_peer_reviewers|minimum_sme_reviewers|minimum_test_records|minimum_distinct_environments"
320,provide-secure-remote-support-to-macos,Provide secure remote support to macOS,macOS Endpoints,P2,under_review,24,30,22,true,planned,Planned,20,none,0,none,none,,none,0,none,none,0,none,2,false,"diagnostic_tested|remediation_tested|rollback_or_irreversibility_confirmed|escalation_confirmed|time_validated|expected_result_confirmed|owner_signoff|authoritative_source_provenance|last_tested|minimum_peer_reviewers|minimum_sme_reviewers|minimum_test_records|minimum_distinct_environments"
321,record-a-new-asset-in-inventory,Record a new asset in inventory,Lifecycle & Asset Management,P2,under_review,24,30,22,true,planned,Planned,20,none,0,none,none,,none,0,none,none,0,none,2,false,"diagnostic_tested|remediation_tested|rollback_or_irreversibility_confirmed|escalation_confirmed|time_validated|expected_result_confirmed|owner_signoff|authoritative_source_provenance|last_tested|minimum_peer_reviewers|minimum_sme_reviewers|minimum_test_records|minimum_distinct_environments"
322,recover-a-corrupted-office-document,Recover a corrupted Office document,"Data Protection, Backup & Recovery",P2,under_review,24,30,22,true,planned,Planned,20,none,0,none,none,,none,0,none,none,0,none,2,false,"diagnostic_tested|remediation_tested|rollback_or_irreversibility_confirmed|escalation_confirmed|time_validated|expected_result_confirmed|owner_signoff|authoritative_source_provenance|last_tested|minimum_peer_reviewers|minimum_sme_reviewers|minimum_test_records|minimum_distinct_environments"
323,recover-a-frozen-citrix-session,Recover a frozen Citrix session,"Remote Access, VDI & DaaS",P2,under_review,24,30,22,true,planned,Planned,20,none,0,none,none,,none,0,none,none,0,none,2,false,"diagnostic_tested|remediation_tested|rollback_or_irreversibility_confirmed|escalation_confirmed|time_validated|expected_result_confirmed|owner_signoff|authoritative_source_provenance|last_tested|minimum_peer_reviewers|minimum_sme_reviewers|minimum_test_records|minimum_distinct_environments"
324,recover-a-frozen-or-unresponsive-windows-session,Recover a frozen or unresponsive Windows session,Windows Endpoints,P2,under_review,24,30,22,true,planned,Planned,20,none,0,none,none,,none,0,none,none,0,none,2,false,"diagnostic_tested|remediation_tested|rollback_or_irreversibility_confirmed|escalation_confirmed|time_validated|expected_result_confirmed|owner_signoff|authoritative_source_provenance|last_tested|minimum_peer_reviewers|minimum_sme_reviewers|minimum_test_records|minimum_distinct_environments"
325,recover-accidentally-deleted-local-files,Recover accidentally deleted local files,Windows Endpoints,P2,under_review,24,30,22,true,planned,Planned,20,none,0,none,none,,none,0,none,none,0,none,2,false,"diagnostic_tested|remediation_tested|rollback_or_irreversibility_confirmed|escalation_confirmed|time_validated|expected_result_confirmed|owner_signoff|authoritative_source_provenance|last_tested|minimum_peer_reviewers|minimum_sme_reviewers|minimum_test_records|minimum_distinct_environments"
326,recover-mobile-access-after-a-forgotten-passcode,Recover mobile access after a forgotten passcode,Mobile Devices & MDM,P2,under_review,24,30,22,true,planned,Planned,20,none,0,none,none,,none,0,none,none,0,none,2,false,"diagnostic_tested|remediation_tested|rollback_or_irreversibility_confirmed|escalation_confirmed|time_validated|expected_result_confirmed|owner_signoff|authoritative_source_provenance|last_tested|minimum_peer_reviewers|minimum_sme_reviewers|minimum_test_records|minimum_distinct_environments"
327,reimage-a-managed-windows-device,Reimage a managed Windows device,Windows Endpoints,P2,under_review,24,30,22,true,planned,Planned,20,none,0,none,none,,none,0,none,none,0,none,2,false,"diagnostic_tested|remediation_tested|rollback_or_irreversibility_confirmed|escalation_confirmed|time_validated|expected_result_confirmed|owner_signoff|authoritative_source_provenance|last_tested|minimum_peer_reviewers|minimum_sme_reviewers|minimum_test_records|minimum_distinct_environments"
328,remove-corporate-data-from-a-personal-device,Remove corporate data from a personal device,Mobile Devices & MDM,P2,under_review,24,30,22,true,planned,Planned,20,none,0,none,none,,none,0,none,none,0,none,2,false,"diagnostic_tested|remediation_tested|rollback_or_irreversibility_confirmed|escalation_confirmed|time_validated|expected_result_confirmed|owner_signoff|authoritative_source_provenance|last_tested|minimum_peer_reviewers|minimum_sme_reviewers|minimum_test_records|minimum_distinct_environments"
329,remove-inappropriate-or-expired-access,Remove inappropriate or expired access,Identity & Access Management,P2,under_review,24,30,22,true,planned,Planned,20,none,0,none,none,,none,0,none,none,0,none,2,false,"diagnostic_tested|remediation_tested|rollback_or_irreversibility_confirmed|escalation_confirmed|time_validated|expected_result_confirmed|owner_signoff|authoritative_source_provenance|last_tested|minimum_peer_reviewers|minimum_sme_reviewers|minimum_test_records|minimum_distinct_environments"
330,rename-a-corporate-windows-device,Rename a corporate Windows device,Windows Endpoints,P2,under_review,24,30,22,true,planned,Planned,20,none,0,none,none,,none,0,none,none,0,none,2,false,"diagnostic_tested|remediation_tested|rollback_or_irreversibility_confirmed|escalation_confirmed|time_validated|expected_result_confirmed|owner_signoff|authoritative_source_provenance|last_tested|minimum_peer_reviewers|minimum_sme_reviewers|minimum_test_records|minimum_distinct_environments"
331,replace-a-device-at-end-of-life,Replace a device at end of life,Lifecycle & Asset Management,P2,under_review,24,30,22,true,planned,Planned,20,none,0,none,none,,none,0,none,none,0,none,2,false,"diagnostic_tested|remediation_tested|rollback_or_irreversibility_confirmed|escalation_confirmed|time_validated|expected_result_confirmed|owner_signoff|authoritative_source_provenance|last_tested|minimum_peer_reviewers|minimum_sme_reviewers|minimum_test_records|minimum_distinct_environments"
332,replace-a-lost-or-changed-authenticator-device,Replace a lost or changed authenticator device,Identity & Access Management,P2,under_review,24,30,22,true,planned,Planned,20,none,0,none,none,,none,0,none,none,0,none,2,false,"diagnostic_tested|remediation_tested|rollback_or_irreversibility_confirmed|escalation_confirmed|time_validated|expected_result_confirmed|owner_signoff|authoritative_source_provenance|last_tested|minimum_peer_reviewers|minimum_sme_reviewers|minimum_test_records|minimum_distinct_environments"
333,report-a-suspected-social-engineering-call,Report a suspected social-engineering call,Security & Compliance,P2,under_review,24,30,22,true,planned,Planned,20,none,0,none,none,,none,0,none,none,0,none,2,false,"diagnostic_tested|remediation_tested|rollback_or_irreversibility_confirmed|escalation_confirmed|time_validated|expected_result_confirmed|owner_signoff|authoritative_source_provenance|last_tested|minimum_peer_reviewers|minimum_sme_reviewers|minimum_test_records|minimum_distinct_environments"
334,reset-approved-access-to-an-azure-virtual-machine,Reset approved access to an Azure virtual machine,Cloud & Virtualisation,P2,under_review,24,30,22,true,planned,Planned,20,none,0,none,none,,none,0,none,none,0,none,2,false,"diagnostic_tested|remediation_tested|rollback_or_irreversibility_confirmed|escalation_confirmed|time_validated|expected_result_confirmed|owner_signoff|authoritative_source_provenance|last_tested|minimum_peer_reviewers|minimum_sme_reviewers|minimum_test_records|minimum_distinct_environments"
335,resolve-a-full-mailbox,Resolve a full mailbox,Microsoft 365 & Collaboration,P2,under_review,24,30,22,true,planned,Planned,20,none,0,none,none,,none,0,none,none,0,none,2,false,"diagnostic_tested|remediation_tested|rollback_or_irreversibility_confirmed|escalation_confirmed|time_validated|expected_result_confirmed|owner_signoff|authoritative_source_provenance|last_tested|minimum_peer_reviewers|minimum_sme_reviewers|minimum_test_records|minimum_distinct_environments"
336,resolve-a-google-workspace-storage-quota-issue,Resolve a Google Workspace storage quota issue,Google Workspace & Web Collaboration,P2,under_review,24,30,22,true,planned,Planned,20,none,0,none,none,,none,0,none,none,0,none,2,false,"diagnostic_tested|remediation_tested|rollback_or_irreversibility_confirmed|escalation_confirmed|time_validated|expected_result_confirmed|owner_signoff|authoritative_source_provenance|last_tested|minimum_peer_reviewers|minimum_sme_reviewers|minimum_test_records|minimum_distinct_environments"
337,resolve-a-missing-dll-or-runtime-dependency,Resolve a missing DLL or runtime dependency,Windows Endpoints,P2,under_review,24,30,22,true,planned,Planned,20,none,0,none,none,,none,0,none,none,0,none,2,false,"diagnostic_tested|remediation_tested|rollback_or_irreversibility_confirmed|escalation_confirmed|time_validated|expected_result_confirmed|owner_signoff|authoritative_source_provenance|last_tested|minimum_peer_reviewers|minimum_sme_reviewers|minimum_test_records|minimum_distinct_environments"
338,resolve-a-remote-desktop-black-screen,Resolve a Remote Desktop black screen,Windows Endpoints,P2,under_review,24,30,22,true,planned,Planned,20,none,0,none,none,,none,0,none,none,0,none,2,false,"diagnostic_tested|remediation_tested|rollback_or_irreversibility_confirmed|escalation_confirmed|time_validated|expected_result_confirmed|owner_signoff|authoritative_source_provenance|last_tested|minimum_peer_reviewers|minimum_sme_reviewers|minimum_test_records|minimum_distinct_environments"
339,resolve-an-azure-virtual-desktop-black-screen,Resolve an Azure Virtual Desktop black screen,"Remote Access, VDI & DaaS",P2,under_review,24,30,22,true,planned,Planned,20,none,0,none,none,,none,0,none,none,0,none,2,false,"diagnostic_tested|remediation_tested|rollback_or_irreversibility_confirmed|escalation_confirmed|time_validated|expected_result_confirmed|owner_signoff|authoritative_source_provenance|last_tested|minimum_peer_reviewers|minimum_sme_reviewers|minimum_test_records|minimum_distinct_environments"
340,resolve-low-virtualisation-datastore-capacity,Resolve low virtualisation datastore capacity,Cloud & Virtualisation,P2,under_review,24,30,22,true,planned,Planned,20,none,0,none,none,,none,0,none,none,0,none,2,false,"diagnostic_tested|remediation_tested|rollback_or_irreversibility_confirmed|escalation_confirmed|time_validated|expected_result_confirmed|owner_signoff|authoritative_source_provenance|last_tested|minimum_peer_reviewers|minimum_sme_reviewers|minimum_test_records|minimum_distinct_environments"
341,respond-to-an-impossible-travel-alert,Respond to an impossible-travel alert,Security & Compliance,P2,under_review,24,30,22,true,planned,Planned,20,none,0,none,none,,none,0,none,none,0,none,2,false,"diagnostic_tested|remediation_tested|rollback_or_irreversibility_confirmed|escalation_confirmed|time_validated|expected_result_confirmed|owner_signoff|authoritative_source_provenance|last_tested|minimum_peer_reviewers|minimum_sme_reviewers|minimum_test_records|minimum_distinct_environments"
342,restore-a-disabled-user-account,Restore a disabled user account,Identity & Access Management,P2,under_review,24,30,22,true,planned,Planned,20,none,0,none,none,,none,0,none,none,0,none,2,false,"diagnostic_tested|remediation_tested|rollback_or_irreversibility_confirmed|escalation_confirmed|time_validated|expected_result_confirmed|owner_signoff|authoritative_source_provenance|last_tested|minimum_peer_reviewers|minimum_sme_reviewers|minimum_test_records|minimum_distinct_environments"
343,restore-an-accidentally-deleted-file,Restore an accidentally deleted file,"Data Protection, Backup & Recovery",P2,under_review,24,30,22,true,planned,Planned,20,none,0,none,none,,none,0,none,none,0,none,2,false,"diagnostic_tested|remediation_tested|rollback_or_irreversibility_confirmed|escalation_confirmed|time_validated|expected_result_confirmed|owner_signoff|authoritative_source_provenance|last_tested|minimum_peer_reviewers|minimum_sme_reviewers|minimum_test_records|minimum_distinct_environments"
344,review-and-remove-stale-vm-snapshots-safely,Review and remove stale VM snapshots safely,Cloud & Virtualisation,P2,under_review,24,30,22,true,planned,Planned,20,none,0,none,none,,none,0,none,none,0,none,2,false,"diagnostic_tested|remediation_tested|rollback_or_irreversibility_confirmed|escalation_confirmed|time_validated|expected_result_confirmed|owner_signoff|authoritative_source_provenance|last_tested|minimum_peer_reviewers|minimum_sme_reviewers|minimum_test_records|minimum_distinct_environments"
345,rollback-a-problematic-device-driver,Rollback a problematic device driver,Windows Endpoints,P2,under_review,24,30,22,true,planned,Planned,20,none,0,none,none,,none,0,none,none,0,none,2,false,"diagnostic_tested|remediation_tested|rollback_or_irreversibility_confirmed|escalation_confirmed|time_validated|expected_result_confirmed|owner_signoff|authoritative_source_provenance|last_tested|minimum_peer_reviewers|minimum_sme_reviewers|minimum_test_records|minimum_distinct_environments"
346,securely-collect-logs-for-the-security-team,Securely collect logs for the security team,Security & Compliance,P2,under_review,24,30,22,true,planned,Planned,20,none,0,none,none,,none,0,none,none,0,none,2,false,"diagnostic_tested|remediation_tested|rollback_or_irreversibility_confirmed|escalation_confirmed|time_validated|expected_result_confirmed|owner_signoff|authoritative_source_provenance|last_tested|minimum_peer_reviewers|minimum_sme_reviewers|minimum_test_records|minimum_distinct_environments"
347,securely-transfer-large-business-files,Securely transfer large business files,"Data Protection, Backup & Recovery",P2,under_review,24,30,22,true,planned,Planned,20,none,0,none,none,,none,0,none,none,0,none,2,false,"diagnostic_tested|remediation_tested|rollback_or_irreversibility_confirmed|escalation_confirmed|time_validated|expected_result_confirmed|owner_signoff|authoritative_source_provenance|last_tested|minimum_peer_reviewers|minimum_sme_reviewers|minimum_test_records|minimum_distinct_environments"
348,securely-wipe-a-retired-device,Securely wipe a retired device,Lifecycle & Asset Management,P2,under_review,24,30,22,true,planned,Planned,20,none,0,none,none,,none,0,none,none,0,none,2,false,"diagnostic_tested|remediation_tested|rollback_or_irreversibility_confirmed|escalation_confirmed|time_validated|expected_result_confirmed|owner_signoff|authoritative_source_provenance|last_tested|minimum_peer_reviewers|minimum_sme_reviewers|minimum_test_records|minimum_distinct_environments"
349,support-a-vip-or-executive-user,Support a VIP or executive user,Service Desk & ITSM,P2,under_review,24,30,22,true,planned,Planned,20,none,0,none,none,,none,0,none,none,0,none,2,false,"diagnostic_tested|remediation_tested|rollback_or_irreversibility_confirmed|escalation_confirmed|time_validated|expected_result_confirmed|owner_signoff|authoritative_source_provenance|last_tested|minimum_peer_reviewers|minimum_sme_reviewers|minimum_test_records|minimum_distinct_environments"
350,triage-a-web-server-http-500-error,Triage a web server HTTP 500 error,Servers & Core Infrastructure,P2,under_review,24,30,22,true,planned,Planned,20,none,0,none,none,,none,0,none,none,0,none,2,false,"diagnostic_tested|remediation_tested|rollback_or_irreversibility_confirmed|escalation_confirmed|time_validated|expected_result_confirmed|owner_signoff|authoritative_source_provenance|last_tested|minimum_peer_reviewers|minimum_sme_reviewers|minimum_test_records|minimum_distinct_environments"
351,triage-a-web-server-http-503-error,Triage a web server HTTP 503 error,Servers & Core Infrastructure,P2,under_review,24,30,22,true,planned,Planned,20,none,0,none,none,,none,0,none,none,0,none,2,false,"diagnostic_tested|remediation_tested|rollback_or_irreversibility_confirmed|escalation_confirmed|time_validated|expected_result_confirmed|owner_signoff|authoritative_source_provenance|last_tested|minimum_peer_reviewers|minimum_sme_reviewers|minimum_test_records|minimum_distinct_environments"
352,troubleshoot-a-browser-extension-conflict,Troubleshoot a browser extension conflict,Business Applications & Browsers,P2,under_review,24,30,22,true,planned,Planned,20,none,0,none,none,,none,0,none,none,0,none,2,false,"diagnostic_tested|remediation_tested|rollback_or_irreversibility_confirmed|escalation_confirmed|time_validated|expected_result_confirmed|owner_signoff|authoritative_source_provenance|last_tested|minimum_peer_reviewers|minimum_sme_reviewers|minimum_test_records|minimum_distinct_environments"
353,troubleshoot-a-browser-sign-in-loop,Troubleshoot a browser sign-in loop,Business Applications & Browsers,P2,under_review,24,30,22,true,planned,Planned,20,none,0,none,none,,none,0,none,none,0,none,2,false,"diagnostic_tested|remediation_tested|rollback_or_irreversibility_confirmed|escalation_confirmed|time_validated|expected_result_confirmed|owner_signoff|authoritative_source_provenance|last_tested|minimum_peer_reviewers|minimum_sme_reviewers|minimum_test_records|minimum_distinct_environments"
354,troubleshoot-a-citrix-application-launch,Troubleshoot a Citrix application launch,"Remote Access, VDI & DaaS",P2,under_review,24,30,22,true,planned,Planned,20,none,0,none,none,,none,0,none,none,0,none,2,false,"diagnostic_tested|remediation_tested|rollback_or_irreversibility_confirmed|escalation_confirmed|time_validated|expected_result_confirmed|owner_signoff|authoritative_source_provenance|last_tested|minimum_peer_reviewers|minimum_sme_reviewers|minimum_test_records|minimum_distinct_environments"
355,troubleshoot-a-damaged-or-loose-charging-port,Troubleshoot a damaged or loose charging port,Hardware & Peripherals,P2,under_review,24,30,22,true,planned,Planned,20,none,0,none,none,,none,0,none,none,0,none,2,false,"diagnostic_tested|remediation_tested|rollback_or_irreversibility_confirmed|escalation_confirmed|time_validated|expected_result_confirmed|owner_signoff|authoritative_source_provenance|last_tested|minimum_peer_reviewers|minimum_sme_reviewers|minimum_test_records|minimum_distinct_environments"
356,troubleshoot-a-failing-storage-device,Troubleshoot a failing storage device,Hardware & Peripherals,P2,under_review,24,30,22,true,planned,Planned,20,none,0,none,none,,none,0,none,none,0,none,2,false,"diagnostic_tested|remediation_tested|rollback_or_irreversibility_confirmed|escalation_confirmed|time_validated|expected_result_confirmed|owner_signoff|authoritative_source_provenance|last_tested|minimum_peer_reviewers|minimum_sme_reviewers|minimum_test_records|minimum_distinct_environments"
357,troubleshoot-a-hyper-v-virtual-machine-that-is-unresponsive,Troubleshoot a Hyper-V virtual machine that is unresponsive,Cloud & Virtualisation,P2,under_review,24,30,22,true,planned,Planned,20,none,0,none,none,,none,0,none,none,0,none,2,false,"diagnostic_tested|remediation_tested|rollback_or_irreversibility_confirmed|escalation_confirmed|time_validated|expected_result_confirmed|owner_signoff|authoritative_source_provenance|last_tested|minimum_peer_reviewers|minimum_sme_reviewers|minimum_test_records|minimum_distinct_environments"
358,troubleshoot-a-laptop-battery-not-charging,Troubleshoot a laptop battery not charging,Windows Endpoints,P2,under_review,24,30,22,true,planned,Planned,20,none,0,none,none,,none,0,none,none,0,none,2,false,"diagnostic_tested|remediation_tested|rollback_or_irreversibility_confirmed|escalation_confirmed|time_validated|expected_result_confirmed|owner_signoff|authoritative_source_provenance|last_tested|minimum_peer_reviewers|minimum_sme_reviewers|minimum_test_records|minimum_distinct_environments"
359,troubleshoot-a-legacy-application-compatibility-issue,Troubleshoot a legacy application compatibility issue,Business Applications & Browsers,P2,under_review,24,30,22,true,planned,Planned,20,none,0,none,none,,none,0,none,none,0,none,2,false,"diagnostic_tested|remediation_tested|rollback_or_irreversibility_confirmed|escalation_confirmed|time_validated|expected_result_confirmed|owner_signoff|authoritative_source_provenance|last_tested|minimum_peer_reviewers|minimum_sme_reviewers|minimum_test_records|minimum_distinct_environments"
360,troubleshoot-a-load-balanced-application-endpoint,Troubleshoot a load-balanced application endpoint,Cloud & Virtualisation,P2,under_review,24,30,22,true,planned,Planned,20,none,0,none,none,,none,0,none,none,0,none,2,false,"diagnostic_tested|remediation_tested|rollback_or_irreversibility_confirmed|escalation_confirmed|time_validated|expected_result_confirmed|owner_signoff|authoritative_source_provenance|last_tested|minimum_peer_reviewers|minimum_sme_reviewers|minimum_test_records|minimum_distinct_environments"
361,troubleshoot-a-macos-kernel-panic,Troubleshoot a macOS kernel panic,macOS Endpoints,P2,under_review,24,30,22,true,planned,Planned,20,none,0,none,none,,none,0,none,none,0,none,2,false,"diagnostic_tested|remediation_tested|rollback_or_irreversibility_confirmed|escalation_confirmed|time_validated|expected_result_confirmed|owner_signoff|authoritative_source_provenance|last_tested|minimum_peer_reviewers|minimum_sme_reviewers|minimum_test_records|minimum_distinct_environments"
362,troubleshoot-a-print-server,Troubleshoot a print server,Servers & Core Infrastructure,P2,under_review,24,30,22,true,planned,Planned,20,none,0,none,none,,none,0,none,none,0,none,2,false,"diagnostic_tested|remediation_tested|rollback_or_irreversibility_confirmed|escalation_confirmed|time_validated|expected_result_confirmed|owner_signoff|authoritative_source_provenance|last_tested|minimum_peer_reviewers|minimum_sme_reviewers|minimum_test_records|minimum_distinct_environments"
363,troubleshoot-a-room-booking-panel,Troubleshoot a room booking panel,"Voice, Telephony & Meeting Rooms",P2,under_review,24,30,22,true,planned,Planned,20,none,0,none,none,,none,0,none,none,0,none,2,false,"diagnostic_tested|remediation_tested|rollback_or_irreversibility_confirmed|escalation_confirmed|time_validated|expected_result_confirmed|owner_signoff|authoritative_source_provenance|last_tested|minimum_peer_reviewers|minimum_sme_reviewers|minimum_test_records|minimum_distinct_environments"
364,troubleshoot-a-softphone-sign-in,Troubleshoot a softphone sign-in,"Voice, Telephony & Meeting Rooms",P2,under_review,24,30,22,true,planned,Planned,20,none,0,none,none,,none,0,none,none,0,none,2,false,"diagnostic_tested|remediation_tested|rollback_or_irreversibility_confirmed|escalation_confirmed|time_validated|expected_result_confirmed|owner_signoff|authoritative_source_provenance|last_tested|minimum_peer_reviewers|minimum_sme_reviewers|minimum_test_records|minimum_distinct_environments"
365,troubleshoot-a-vmware-virtual-machine-that-is-unresponsive,Troubleshoot a VMware virtual machine that is unresponsive,Cloud & Virtualisation,P2,under_review,24,30,22,true,planned,Planned,20,none,0,none,none,,none,0,none,none,0,none,2,false,"diagnostic_tested|remediation_tested|rollback_or_irreversibility_confirmed|escalation_confirmed|time_validated|expected_result_confirmed|owner_signoff|authoritative_source_provenance|last_tested|minimum_peer_reviewers|minimum_sme_reviewers|minimum_test_records|minimum_distinct_environments"
366,troubleshoot-a-windows-file-share,Troubleshoot a Windows file share,Servers & Core Infrastructure,P2,under_review,24,30,22,true,planned,Planned,20,none,0,none,none,,none,0,none,none,0,none,2,false,"diagnostic_tested|remediation_tested|rollback_or_irreversibility_confirmed|escalation_confirmed|time_validated|expected_result_confirmed|owner_signoff|authoritative_source_provenance|last_tested|minimum_peer_reviewers|minimum_sme_reviewers|minimum_test_records|minimum_distinct_environments"
367,troubleshoot-a-zoom-room-system,Troubleshoot a Zoom Room system,"Voice, Telephony & Meeting Rooms",P2,under_review,24,30,22,true,planned,Planned,20,none,0,none,none,,none,0,none,none,0,none,2,false,"diagnostic_tested|remediation_tested|rollback_or_irreversibility_confirmed|escalation_confirmed|time_validated|expected_result_confirmed|owner_signoff|authoritative_source_provenance|last_tested|minimum_peer_reviewers|minimum_sme_reviewers|minimum_test_records|minimum_distinct_environments"
368,troubleshoot-an-application-access-denied-error,Troubleshoot an application access-denied error,Business Applications & Browsers,P2,under_review,24,30,22,true,planned,Planned,20,none,0,none,none,,none,0,none,none,0,none,2,false,"diagnostic_tested|remediation_tested|rollback_or_irreversibility_confirmed|escalation_confirmed|time_validated|expected_result_confirmed|owner_signoff|authoritative_source_provenance|last_tested|minimum_peer_reviewers|minimum_sme_reviewers|minimum_test_records|minimum_distinct_environments"
369,troubleshoot-an-application-that-crashes,Troubleshoot an application that crashes,Windows Endpoints,P2,under_review,24,30,22,true,planned,Planned,20,none,0,none,none,,none,0,none,none,0,none,2,false,"diagnostic_tested|remediation_tested|rollback_or_irreversibility_confirmed|escalation_confirmed|time_validated|expected_result_confirmed|owner_signoff|authoritative_source_provenance|last_tested|minimum_peer_reviewers|minimum_sme_reviewers|minimum_test_records|minimum_distinct_environments"
370,troubleshoot-an-azure-virtual-desktop-sign-in,Troubleshoot an Azure Virtual Desktop sign-in,"Remote Access, VDI & DaaS",P2,under_review,24,30,22,true,planned,Planned,20,none,0,none,none,,none,0,none,none,0,none,2,false,"diagnostic_tested|remediation_tested|rollback_or_irreversibility_confirmed|escalation_confirmed|time_validated|expected_result_confirmed|owner_signoff|authoritative_source_provenance|last_tested|minimum_peer_reviewers|minimum_sme_reviewers|minimum_test_records|minimum_distinct_environments"
371,troubleshoot-an-odbc-data-source,Troubleshoot an ODBC data source,Servers & Core Infrastructure,P2,under_review,24,30,22,true,planned,Planned,20,none,0,none,none,,none,0,none,none,0,none,2,false,"diagnostic_tested|remediation_tested|rollback_or_irreversibility_confirmed|escalation_confirmed|time_validated|expected_result_confirmed|owner_signoff|authoritative_source_provenance|last_tested|minimum_peer_reviewers|minimum_sme_reviewers|minimum_test_records|minimum_distinct_environments"
372,troubleshoot-an-rds-session,Troubleshoot an RDS session,"Remote Access, VDI & DaaS",P2,under_review,24,30,22,true,planned,Planned,20,none,0,none,none,,none,0,none,none,0,none,2,false,"diagnostic_tested|remediation_tested|rollback_or_irreversibility_confirmed|escalation_confirmed|time_validated|expected_result_confirmed|owner_signoff|authoritative_source_provenance|last_tested|minimum_peer_reviewers|minimum_sme_reviewers|minimum_test_records|minimum_distinct_environments"
373,troubleshoot-citrix-workspace-sign-in,Troubleshoot Citrix Workspace sign-in,"Remote Access, VDI & DaaS",P2,under_review,24,30,22,true,planned,Planned,20,none,0,none,none,,none,0,none,none,0,none,2,false,"diagnostic_tested|remediation_tested|rollback_or_irreversibility_confirmed|escalation_confirmed|time_validated|expected_result_confirmed|owner_signoff|authoritative_source_provenance|last_tested|minimum_peer_reviewers|minimum_sme_reviewers|minimum_test_records|minimum_distinct_environments"
374,troubleshoot-cloud-storage-access,Troubleshoot cloud storage access,Cloud & Virtualisation,P2,under_review,24,30,22,true,planned,Planned,20,none,0,none,none,,none,0,none,none,0,none,2,false,"diagnostic_tested|remediation_tested|rollback_or_irreversibility_confirmed|escalation_confirmed|time_validated|expected_result_confirmed|owner_signoff|authoritative_source_provenance|last_tested|minimum_peer_reviewers|minimum_sme_reviewers|minimum_test_records|minimum_distinct_environments"
375,troubleshoot-database-connectivity-from-an-application,Troubleshoot database connectivity from an application,Servers & Core Infrastructure,P2,under_review,24,30,22,true,planned,Planned,20,none,0,none,none,,none,0,none,none,0,none,2,false,"diagnostic_tested|remediation_tested|rollback_or_irreversibility_confirmed|escalation_confirmed|time_validated|expected_result_confirmed|owner_signoff|authoritative_source_provenance|last_tested|minimum_peer_reviewers|minimum_sme_reviewers|minimum_test_records|minimum_distinct_environments"
376,troubleshoot-distribution-list-delivery,Troubleshoot distribution-list delivery,Microsoft 365 & Collaboration,P2,under_review,24,30,22,true,planned,Planned,20,none,0,none,none,,none,0,none,none,0,none,2,false,"diagnostic_tested|remediation_tested|rollback_or_irreversibility_confirmed|escalation_confirmed|time_validated|expected_result_confirmed|owner_signoff|authoritative_source_provenance|last_tested|minimum_peer_reviewers|minimum_sme_reviewers|minimum_test_records|minimum_distinct_environments"
377,troubleshoot-enterprise-software-deployment,Troubleshoot enterprise software deployment,Windows Endpoints,P2,under_review,24,30,22,true,planned,Planned,20,none,0,none,none,,none,0,none,none,0,none,2,false,"diagnostic_tested|remediation_tested|rollback_or_irreversibility_confirmed|escalation_confirmed|time_validated|expected_result_confirmed|owner_signoff|authoritative_source_provenance|last_tested|minimum_peer_reviewers|minimum_sme_reviewers|minimum_test_records|minimum_distinct_environments"
378,troubleshoot-excessive-mobile-battery-drain,Troubleshoot excessive mobile battery drain,Mobile Devices & MDM,P2,under_review,24,30,22,true,planned,Planned,20,none,0,none,none,,none,0,none,none,0,none,2,false,"diagnostic_tested|remediation_tested|rollback_or_irreversibility_confirmed|escalation_confirmed|time_validated|expected_result_confirmed|owner_signoff|authoritative_source_provenance|last_tested|minimum_peer_reviewers|minimum_sme_reviewers|minimum_test_records|minimum_distinct_environments"
379,troubleshoot-google-calendar-sharing,Troubleshoot Google Calendar sharing,Google Workspace & Web Collaboration,P2,under_review,24,30,22,true,planned,Planned,20,none,0,none,none,,none,0,none,none,0,none,2,false,"diagnostic_tested|remediation_tested|rollback_or_irreversibility_confirmed|escalation_confirmed|time_validated|expected_result_confirmed|owner_signoff|authoritative_source_provenance|last_tested|minimum_peer_reviewers|minimum_sme_reviewers|minimum_test_records|minimum_distinct_environments"
380,troubleshoot-google-workspace-mobile-access,Troubleshoot Google Workspace mobile access,Google Workspace & Web Collaboration,P2,under_review,24,30,22,true,planned,Planned,20,none,0,none,none,,none,0,none,none,0,none,2,false,"diagnostic_tested|remediation_tested|rollback_or_irreversibility_confirmed|escalation_confirmed|time_validated|expected_result_confirmed|owner_signoff|authoritative_source_provenance|last_tested|minimum_peer_reviewers|minimum_sme_reviewers|minimum_test_records|minimum_distinct_environments"
381,troubleshoot-google-workspace-sign-in,Troubleshoot Google Workspace sign-in,Google Workspace & Web Collaboration,P2,under_review,24,30,22,true,planned,Planned,20,none,0,none,none,,none,0,none,none,0,none,2,false,"diagnostic_tested|remediation_tested|rollback_or_irreversibility_confirmed|escalation_confirmed|time_validated|expected_result_confirmed|owner_signoff|authoritative_source_provenance|last_tested|minimum_peer_reviewers|minimum_sme_reviewers|minimum_test_records|minimum_distinct_environments"
382,troubleshoot-group-policy-application,Troubleshoot Group Policy application,Servers & Core Infrastructure,P2,under_review,24,30,22,true,planned,Planned,20,none,0,none,none,,none,0,none,none,0,none,2,false,"diagnostic_tested|remediation_tested|rollback_or_irreversibility_confirmed|escalation_confirmed|time_validated|expected_result_confirmed|owner_signoff|authoritative_source_provenance|last_tested|minimum_peer_reviewers|minimum_sme_reviewers|minimum_test_records|minimum_distinct_environments"
383,troubleshoot-hdmi-presentation-input,Troubleshoot HDMI presentation input,"Voice, Telephony & Meeting Rooms",P2,under_review,24,30,22,true,planned,Planned,20,none,0,none,none,,none,0,none,none,0,none,2,false,"diagnostic_tested|remediation_tested|rollback_or_irreversibility_confirmed|escalation_confirmed|time_validated|expected_result_confirmed|owner_signoff|authoritative_source_provenance|last_tested|minimum_peer_reviewers|minimum_sme_reviewers|minimum_test_records|minimum_distinct_environments"
384,troubleshoot-incorrect-system-time,Troubleshoot incorrect system time,Windows Endpoints,P2,under_review,24,30,22,true,planned,Planned,20,none,0,none,none,,none,0,none,none,0,none,2,false,"diagnostic_tested|remediation_tested|rollback_or_irreversibility_confirmed|escalation_confirmed|time_validated|expected_result_confirmed|owner_signoff|authoritative_source_provenance|last_tested|minimum_peer_reviewers|minimum_sme_reviewers|minimum_test_records|minimum_distinct_environments"
385,troubleshoot-linux-package-installation,Troubleshoot Linux package installation,Linux & Developer Workstations,P2,under_review,24,30,22,true,planned,Planned,20,none,0,none,none,,none,0,none,none,0,none,2,false,"diagnostic_tested|remediation_tested|rollback_or_irreversibility_confirmed|escalation_confirmed|time_validated|expected_result_confirmed|owner_signoff|authoritative_source_provenance|last_tested|minimum_peer_reviewers|minimum_sme_reviewers|minimum_test_records|minimum_distinct_environments"
386,troubleshoot-macos-disk-space,Troubleshoot macOS disk space,macOS Endpoints,P2,under_review,24,30,22,true,planned,Planned,20,none,0,none,none,,none,0,none,none,0,none,2,false,"diagnostic_tested|remediation_tested|rollback_or_irreversibility_confirmed|escalation_confirmed|time_validated|expected_result_confirmed|owner_signoff|authoritative_source_provenance|last_tested|minimum_peer_reviewers|minimum_sme_reviewers|minimum_test_records|minimum_distinct_environments"
387,troubleshoot-macos-software-update,Troubleshoot macOS software update,macOS Endpoints,P2,under_review,24,30,22,true,planned,Planned,20,none,0,none,none,,none,0,none,none,0,none,2,false,"diagnostic_tested|remediation_tested|rollback_or_irreversibility_confirmed|escalation_confirmed|time_validated|expected_result_confirmed|owner_signoff|authoritative_source_provenance|last_tested|minimum_peer_reviewers|minimum_sme_reviewers|minimum_test_records|minimum_distinct_environments"
388,troubleshoot-memory-hardware-errors,Troubleshoot memory hardware errors,Hardware & Peripherals,P2,under_review,24,30,22,true,planned,Planned,20,none,0,none,none,,none,0,none,none,0,none,2,false,"diagnostic_tested|remediation_tested|rollback_or_irreversibility_confirmed|escalation_confirmed|time_validated|expected_result_confirmed|owner_signoff|authoritative_source_provenance|last_tested|minimum_peer_reviewers|minimum_sme_reviewers|minimum_test_records|minimum_distinct_environments"
389,troubleshoot-microsoft-365-apps-installation,Troubleshoot Microsoft 365 Apps installation,Microsoft 365 & Collaboration,P2,under_review,24,30,22,true,planned,Planned,20,none,0,none,none,,none,0,none,none,0,none,2,false,"diagnostic_tested|remediation_tested|rollback_or_irreversibility_confirmed|escalation_confirmed|time_validated|expected_result_confirmed|owner_signoff|authoritative_source_provenance|last_tested|minimum_peer_reviewers|minimum_sme_reviewers|minimum_test_records|minimum_distinct_environments"
390,troubleshoot-microsoft-forms-access,Troubleshoot Microsoft Forms access,Microsoft 365 & Collaboration,P2,under_review,24,30,22,true,planned,Planned,20,none,0,none,none,,none,0,none,none,0,none,2,false,"diagnostic_tested|remediation_tested|rollback_or_irreversibility_confirmed|escalation_confirmed|time_validated|expected_result_confirmed|owner_signoff|authoritative_source_provenance|last_tested|minimum_peer_reviewers|minimum_sme_reviewers|minimum_test_records|minimum_distinct_environments"
391,troubleshoot-microsoft-intune-enrolment,Troubleshoot Microsoft Intune enrolment,Windows Endpoints,P2,under_review,24,30,22,true,planned,Planned,20,none,0,none,none,,none,0,none,none,0,none,2,false,"diagnostic_tested|remediation_tested|rollback_or_irreversibility_confirmed|escalation_confirmed|time_validated|expected_result_confirmed|owner_signoff|authoritative_source_provenance|last_tested|minimum_peer_reviewers|minimum_sme_reviewers|minimum_test_records|minimum_distinct_environments"
392,troubleshoot-microsoft-planner-or-tasks-access,Troubleshoot Microsoft Planner or Tasks access,Microsoft 365 & Collaboration,P2,under_review,24,30,22,true,planned,Planned,20,none,0,none,none,,none,0,none,none,0,none,2,false,"diagnostic_tested|remediation_tested|rollback_or_irreversibility_confirmed|escalation_confirmed|time_validated|expected_result_confirmed|owner_signoff|authoritative_source_provenance|last_tested|minimum_peer_reviewers|minimum_sme_reviewers|minimum_test_records|minimum_distinct_environments"
393,troubleshoot-mobile-application-deployment,Troubleshoot mobile application deployment,Mobile Devices & MDM,P2,under_review,24,30,22,true,planned,Planned,20,none,0,none,none,,none,0,none,none,0,none,2,false,"diagnostic_tested|remediation_tested|rollback_or_irreversibility_confirmed|escalation_confirmed|time_validated|expected_result_confirmed|owner_signoff|authoritative_source_provenance|last_tested|minimum_peer_reviewers|minimum_sme_reviewers|minimum_test_records|minimum_distinct_environments"
394,troubleshoot-mobile-storage-exhaustion,Troubleshoot mobile storage exhaustion,Mobile Devices & MDM,P2,under_review,24,30,22,true,planned,Planned,20,none,0,none,none,,none,0,none,none,0,none,2,false,"diagnostic_tested|remediation_tested|rollback_or_irreversibility_confirmed|escalation_confirmed|time_validated|expected_result_confirmed|owner_signoff|authoritative_source_provenance|last_tested|minimum_peer_reviewers|minimum_sme_reviewers|minimum_test_records|minimum_distinct_environments"
395,troubleshoot-office-activation,Troubleshoot Office activation,Microsoft 365 & Collaboration,P2,under_review,24,30,22,true,planned,Planned,20,none,0,none,none,,none,0,none,none,0,none,2,false,"diagnostic_tested|remediation_tested|rollback_or_irreversibility_confirmed|escalation_confirmed|time_validated|expected_result_confirmed|owner_signoff|authoritative_source_provenance|last_tested|minimum_peer_reviewers|minimum_sme_reviewers|minimum_test_records|minimum_distinct_environments"
396,troubleshoot-passwordless-sign-in,Troubleshoot passwordless sign-in,Identity & Access Management,P2,under_review,24,30,22,true,planned,Planned,20,none,0,none,none,,none,0,none,none,0,none,2,false,"diagnostic_tested|remediation_tested|rollback_or_irreversibility_confirmed|escalation_confirmed|time_validated|expected_result_confirmed|owner_signoff|authoritative_source_provenance|last_tested|minimum_peer_reviewers|minimum_sme_reviewers|minimum_test_records|minimum_distinct_environments"
397,troubleshoot-poor-call-quality,Troubleshoot poor call quality,"Voice, Telephony & Meeting Rooms",P2,under_review,24,30,22,true,planned,Planned,20,none,0,none,none,,none,0,none,none,0,none,2,false,"diagnostic_tested|remediation_tested|rollback_or_irreversibility_confirmed|escalation_confirmed|time_validated|expected_result_confirmed|owner_signoff|authoritative_source_provenance|last_tested|minimum_peer_reviewers|minimum_sme_reviewers|minimum_test_records|minimum_distinct_environments"
398,troubleshoot-post-errors-or-beep-codes,Troubleshoot POST errors or beep codes,Hardware & Peripherals,P2,under_review,24,30,22,true,planned,Planned,20,none,0,none,none,,none,0,none,none,0,none,2,false,"diagnostic_tested|remediation_tested|rollback_or_irreversibility_confirmed|escalation_confirmed|time_validated|expected_result_confirmed|owner_signoff|authoritative_source_provenance|last_tested|minimum_peer_reviewers|minimum_sme_reviewers|minimum_test_records|minimum_distinct_environments"
399,troubleshoot-power-bi-sign-in-or-access,Troubleshoot Power BI sign-in or access,Microsoft 365 & Collaboration,P2,under_review,24,30,22,true,planned,Planned,20,none,0,none,none,,none,0,none,none,0,none,2,false,"diagnostic_tested|remediation_tested|rollback_or_irreversibility_confirmed|escalation_confirmed|time_validated|expected_result_confirmed|owner_signoff|authoritative_source_provenance|last_tested|minimum_peer_reviewers|minimum_sme_reviewers|minimum_test_records|minimum_distinct_environments"
400,troubleshoot-remote-desktop-licensing-errors,Troubleshoot remote desktop licensing errors,"Remote Access, VDI & DaaS",P2,under_review,24,30,22,true,planned,Planned,20,none,0,none,none,,none,0,none,none,0,none,2,false,"diagnostic_tested|remediation_tested|rollback_or_irreversibility_confirmed|escalation_confirmed|time_validated|expected_result_confirmed|owner_signoff|authoritative_source_provenance|last_tested|minimum_peer_reviewers|minimum_sme_reviewers|minimum_test_records|minimum_distinct_environments"
401,troubleshoot-remote-desktop-to-a-server,Troubleshoot Remote Desktop to a server,Servers & Core Infrastructure,P2,under_review,24,30,22,true,planned,Planned,20,none,0,none,none,,none,0,none,none,0,none,2,false,"diagnostic_tested|remediation_tested|rollback_or_irreversibility_confirmed|escalation_confirmed|time_validated|expected_result_confirmed|owner_signoff|authoritative_source_provenance|last_tested|minimum_peer_reviewers|minimum_sme_reviewers|minimum_test_records|minimum_distinct_environments"
402,troubleshoot-screen-flicker-or-graphics-corruption,Troubleshoot screen flicker or graphics corruption,Windows Endpoints,P2,under_review,24,30,22,true,planned,Planned,20,none,0,none,none,,none,0,none,none,0,none,2,false,"diagnostic_tested|remediation_tested|rollback_or_irreversibility_confirmed|escalation_confirmed|time_validated|expected_result_confirmed|owner_signoff|authoritative_source_provenance|last_tested|minimum_peer_reviewers|minimum_sme_reviewers|minimum_test_records|minimum_distinct_environments"
403,troubleshoot-sleep-wake-or-hibernation,"Troubleshoot sleep, wake or hibernation",Windows Endpoints,P2,under_review,24,30,22,true,planned,Planned,20,none,0,none,none,,none,0,none,none,0,none,2,false,"diagnostic_tested|remediation_tested|rollback_or_irreversibility_confirmed|escalation_confirmed|time_validated|expected_result_confirmed|owner_signoff|authoritative_source_provenance|last_tested|minimum_peer_reviewers|minimum_sme_reviewers|minimum_test_records|minimum_distinct_environments"
404,troubleshoot-smart-card-sign-in,Troubleshoot smart-card sign-in,Identity & Access Management,P2,under_review,24,30,22,true,planned,Planned,20,none,0,none,none,,none,0,none,none,0,none,2,false,"diagnostic_tested|remediation_tested|rollback_or_irreversibility_confirmed|escalation_confirmed|time_validated|expected_result_confirmed|owner_signoff|authoritative_source_provenance|last_tested|minimum_peer_reviewers|minimum_sme_reviewers|minimum_test_records|minimum_distinct_environments"
405,troubleshoot-user-account-control-or-admin-rights-requests,Troubleshoot User Account Control or admin-rights requests,Windows Endpoints,P2,under_review,24,30,22,true,planned,Planned,20,none,0,none,none,,none,0,none,none,0,none,2,false,"diagnostic_tested|remediation_tested|rollback_or_irreversibility_confirmed|escalation_confirmed|time_validated|expected_result_confirmed|owner_signoff|authoritative_source_provenance|last_tested|minimum_peer_reviewers|minimum_sme_reviewers|minimum_test_records|minimum_distinct_environments"
406,troubleshoot-windows-365-cloud-pc-access,Troubleshoot Windows 365 Cloud PC access,"Remote Access, VDI & DaaS",P2,under_review,24,30,22,true,planned,Planned,20,none,0,none,none,,none,0,none,none,0,none,2,false,"diagnostic_tested|remediation_tested|rollback_or_irreversibility_confirmed|escalation_confirmed|time_validated|expected_result_confirmed|owner_signoff|authoritative_source_provenance|last_tested|minimum_peer_reviewers|minimum_sme_reviewers|minimum_test_records|minimum_distinct_environments"
407,troubleshoot-windows-activation,Troubleshoot Windows activation,Windows Endpoints,P2,under_review,24,30,22,true,planned,Planned,20,none,0,none,none,,none,0,none,none,0,none,2,false,"diagnostic_tested|remediation_tested|rollback_or_irreversibility_confirmed|escalation_confirmed|time_validated|expected_result_confirmed|owner_signoff|authoritative_source_provenance|last_tested|minimum_peer_reviewers|minimum_sme_reviewers|minimum_test_records|minimum_distinct_environments"
408,troubleshoot-windows-hello-enrolment,Troubleshoot Windows Hello enrolment,Identity & Access Management,P2,under_review,24,30,22,true,planned,Planned,20,none,0,none,none,,none,0,none,none,0,none,2,false,"diagnostic_tested|remediation_tested|rollback_or_irreversibility_confirmed|escalation_confirmed|time_validated|expected_result_confirmed|owner_signoff|authoritative_source_provenance|last_tested|minimum_peer_reviewers|minimum_sme_reviewers|minimum_test_records|minimum_distinct_environments"
409,troubleshoot-wireless-presentation,Troubleshoot wireless presentation,"Voice, Telephony & Meeting Rooms",P2,under_review,24,30,22,true,planned,Planned,20,none,0,none,none,,none,0,none,none,0,none,2,false,"diagnostic_tested|remediation_tested|rollback_or_irreversibility_confirmed|escalation_confirmed|time_validated|expected_result_confirmed|owner_signoff|authoritative_source_provenance|last_tested|minimum_peer_reviewers|minimum_sme_reviewers|minimum_test_records|minimum_distinct_environments"
410,troubleshoot-word-or-excel-crashes,Troubleshoot Word or Excel crashes,Microsoft 365 & Collaboration,P2,under_review,24,30,22,true,planned,Planned,20,none,0,none,none,,none,0,none,none,0,none,2,false,"diagnostic_tested|remediation_tested|rollback_or_irreversibility_confirmed|escalation_confirmed|time_validated|expected_result_confirmed|owner_signoff|authoritative_source_provenance|last_tested|minimum_peer_reviewers|minimum_sme_reviewers|minimum_test_records|minimum_distinct_environments"
411,update-bios-or-device-firmware-safely,Update BIOS or device firmware safely,Windows Endpoints,P2,under_review,24,30,22,true,planned,Planned,20,none,0,none,none,,none,0,none,none,0,none,2,false,"diagnostic_tested|remediation_tested|rollback_or_irreversibility_confirmed|escalation_confirmed|time_validated|expected_result_confirmed|owner_signoff|authoritative_source_provenance|last_tested|minimum_peer_reviewers|minimum_sme_reviewers|minimum_test_records|minimum_distinct_environments"
412,validate-critical-security-patch-deployment,Validate critical security patch deployment,Security & Compliance,P2,under_review,24,30,22,true,planned,Planned,20,none,0,none,none,,none,0,none,none,0,none,2,false,"diagnostic_tested|remediation_tested|rollback_or_irreversibility_confirmed|escalation_confirmed|time_validated|expected_result_confirmed|owner_signoff|authoritative_source_provenance|last_tested|minimum_peer_reviewers|minimum_sme_reviewers|minimum_test_records|minimum_distinct_environments"
413,validate-microsoft-365-service-health,Validate Microsoft 365 service health,Microsoft 365 & Collaboration,P2,under_review,24,30,22,true,planned,Planned,20,none,0,none,none,,none,0,none,none,0,none,2,false,"diagnostic_tested|remediation_tested|rollback_or_irreversibility_confirmed|escalation_confirmed|time_validated|expected_result_confirmed|owner_signoff|authoritative_source_provenance|last_tested|minimum_peer_reviewers|minimum_sme_reviewers|minimum_test_records|minimum_distinct_environments"
414,validate-replacement-hardware-before-handover,Validate replacement hardware before handover,Hardware & Peripherals,P2,under_review,24,30,22,true,planned,Planned,20,none,0,none,none,,none,0,none,none,0,none,2,false,"diagnostic_tested|remediation_tested|rollback_or_irreversibility_confirmed|escalation_confirmed|time_validated|expected_result_confirmed|owner_signoff|authoritative_source_provenance|last_tested|minimum_peer_reviewers|minimum_sme_reviewers|minimum_test_records|minimum_distinct_environments"
415,validate-service-restoration-before-closure,Validate service restoration before closure,Service Desk & ITSM,P2,under_review,24,30,22,true,planned,Planned,20,none,0,none,none,,none,0,none,none,0,none,2,false,"diagnostic_tested|remediation_tested|rollback_or_irreversibility_confirmed|escalation_confirmed|time_validated|expected_result_confirmed|owner_signoff|authoritative_source_provenance|last_tested|minimum_peer_reviewers|minimum_sme_reviewers|minimum_test_records|minimum_distinct_environments"
416,verify-caller-identity-before-support,Verify caller identity before support,Service Desk & ITSM,P2,under_review,24,30,22,true,planned,Planned,20,none,0,none,none,,none,0,none,none,0,none,2,false,"diagnostic_tested|remediation_tested|rollback_or_irreversibility_confirmed|escalation_confirmed|time_validated|expected_result_confirmed|owner_signoff|authoritative_source_provenance|last_tested|minimum_peer_reviewers|minimum_sme_reviewers|minimum_test_records|minimum_distinct_environments"
417,printer-offline,Resolve a printer showing Offline,Printing & Scanning,P3,revalidation_required,18,30,30,false,planned,Planned,10,high,20,temporary_topic_proxy,metadata_only,network,none,0,none,none,0,none,0,false,"diagnostic_tested|remediation_tested|rollback_or_irreversibility_confirmed|escalation_confirmed|time_validated|expected_result_confirmed|owner_signoff|authoritative_source_provenance|tested_platforms|last_tested|minimum_peer_reviewers|minimum_technical_reviewers|minimum_test_records|minimum_distinct_environments"
418,slow-windows-pc,Resolve an unusually slow Windows PC,Windows Endpoints,P2,revalidation_required,18,30,30,false,planned,Planned,20,medium,10,temporary_topic_proxy,metadata_only,slow windows,none,0,none,none,0,none,0,false,"diagnostic_tested|remediation_tested|rollback_or_irreversibility_confirmed|escalation_confirmed|time_validated|expected_result_confirmed|owner_signoff|authoritative_source_provenance|tested_platforms|last_tested|minimum_peer_reviewers|minimum_sme_reviewers|minimum_test_records|minimum_distinct_environments"
419,bsod-0x0000007b,Resolve BSOD stop error 0x0000007B,Windows Endpoints,P2,revalidation_required,18,30,20,true,planned,Planned,20,none,0,none,none,,none,0,none,none,0,none,0,false,"diagnostic_tested|remediation_tested|rollback_or_irreversibility_confirmed|escalation_confirmed|time_validated|expected_result_confirmed|owner_signoff|authoritative_source_provenance|tested_platforms|last_tested|minimum_peer_reviewers|minimum_sme_reviewers|minimum_test_records|minimum_distinct_environments"
0,troubleshoot-a-mapped-drive-reconnect-failure,Troubleshoot a mapped drive reconnect failure,Network & Connectivity,P2,deprecated,24,42,42,false,not_actionable,Deprecated,20,high,20,temporary_topic_proxy,metadata_only,mapped drive,none,0,none,none,0,none,2,false,"diagnostic_tested|remediation_tested|rollback_or_irreversibility_confirmed|escalation_confirmed|time_validated|expected_result_confirmed|owner_signoff|authoritative_source_provenance|last_tested|minimum_peer_reviewers|minimum_sme_reviewers|minimum_test_records|minimum_distinct_environments"
0,troubleshoot-dns-name-resolution,Troubleshoot DNS name resolution,Network & Connectivity,P1,deprecated,22,52,52,false,not_actionable,Deprecated,30,high,20,temporary_topic_proxy,metadata_only,dns,none,0,none,none,0,none,2,false,"diagnostic_tested|remediation_tested|rollback_or_irreversibility_confirmed|escalation_confirmed|time_validated|expected_result_confirmed|owner_signoff|authoritative_source_provenance|last_tested|minimum_peer_reviewers|minimum_sme_reviewers|minimum_test_records|minimum_distinct_environments|negative_path_tested"
